-- phpMyAdmin SQL Dump
-- version 4.7.0
-- https://www.phpmyadmin.net/
--
-- Host: localhost
-- Generation Time: Oct 04, 2018 at 05:42 PM
-- Server version: 10.1.25-MariaDB
-- PHP Version: 5.6.31

SET SQL_MODE = "NO_AUTO_VALUE_ON_ZERO";
SET AUTOCOMMIT = 0;
START TRANSACTION;
SET time_zone = "+00:00";


/*!40101 SET @OLD_CHARACTER_SET_CLIENT=@@CHARACTER_SET_CLIENT */;
/*!40101 SET @OLD_CHARACTER_SET_RESULTS=@@CHARACTER_SET_RESULTS */;
/*!40101 SET @OLD_COLLATION_CONNECTION=@@COLLATION_CONNECTION */;
/*!40101 SET NAMES utf8mb4 */;

--
-- Database: `neer_monitor`
--

-- --------------------------------------------------------

--
-- Table structure for table `devices`
--

CREATE TABLE `devices` (
  `device_id` varchar(8) NOT NULL,
  `user_id` varchar(8) NOT NULL,
  `device_name` varchar(16) NOT NULL,
  `start_date` date DEFAULT NULL,
  `end_date` date DEFAULT NULL,
  `device_limit` double DEFAULT '-1'
) ENGINE=InnoDB DEFAULT CHARSET=latin1;

--
-- Dumping data for table `devices`
--

INSERT INTO `devices` (`device_id`, `user_id`, `device_name`, `start_date`, `end_date`, `device_limit`) VALUES
('neer101', 'tms18', 'Wash Machine', NULL, NULL, -1),
('neer102', 'tms18', 'Shower', NULL, NULL, -1),
('neer103', 'tms18', 'Dish Washer', NULL, NULL, -1),
('neer104', 'tms18', 'Kitchen Tap', NULL, NULL, 125),
('neer201', 'muthu123', 'Wash Machine', NULL, NULL, -1),
('neer202', 'muthu123', 'Shower', NULL, NULL, 75),
('neer203', 'muthu123', 'Kitchen Tap', NULL, NULL, 100),
('neer204', 'muthu123', 'Dish Washer', NULL, NULL, 25),
('neer301', 'eren123', 'Wash Machine', NULL, NULL, 30),
('neer302', 'eren123', 'Kitchen Tap', NULL, NULL, 75),
('neer303', 'eren123', 'Dish Washer', NULL, NULL, 10),
('neer304', 'eren123', 'Shower', NULL, NULL, 100),
('neer401', 'farz123', 'Wash Machine', NULL, NULL, -1),
('neer402', 'farz123', 'Shower', NULL, NULL, 50),
('neer403', 'farz123', 'Kitchen Tap', NULL, NULL, 50),
('neer404', 'farz123', 'Dish Washer', NULL, NULL, 20);

-- --------------------------------------------------------

--
-- Table structure for table `device_usage`
--

CREATE TABLE `device_usage` (
  `device_id` varchar(8) NOT NULL,
  `start_time` date NOT NULL,
  `counter` double NOT NULL,
  `temp` double NOT NULL,
  `timestamp` timestamp NOT NULL DEFAULT CURRENT_TIMESTAMP
) ENGINE=InnoDB DEFAULT CHARSET=latin1;

--
-- Dumping data for table `device_usage`
--

INSERT INTO `device_usage` (`device_id`, `start_time`, `counter`, `temp`, `timestamp`) VALUES
('neer102', '2018-09-01', 1.271462901762055, 0.6092426404276513, '2018-10-04 15:30:40'),
('neer104', '2018-09-01', 1.0480295747922663, 1.3973727663896884, '2018-10-04 15:30:40'),
('neer103', '2018-09-01', 4.212805931235311, 1.2638417793705936, '2018-10-04 15:30:40'),
('neer101', '2018-09-01', 1.0791941555280955, 1.5235682195690758, '2018-10-04 15:30:40'),
('neer102', '2018-09-02', 11.038918917091012, 6.347378377327332, '2018-10-04 15:30:40'),
('neer104', '2018-09-02', 14.431597807673205, 0.5772639123069282, '2018-10-04 15:30:40'),
('neer104', '2018-09-02', 25.364041489253854, 9.279527374117263, '2018-10-04 15:30:40'),
('neer104', '2018-09-03', 18.49300192331072, 6.934875721241521, '2018-10-04 15:30:40'),
('neer101', '2018-09-03', 0.0017972588266518263, 0.0006695670138506804, '2018-10-04 15:30:40'),
('neer101', '2018-09-03', 4.7032712415501265, 4.7032712415501265, '2018-10-04 15:30:40'),
('neer102', '2018-09-03', 9.224138032113602, 6.918103524085202, '2018-10-04 15:30:40'),
('neer101', '2018-09-04', 4.479179665728924, 11.517890569017231, '2018-10-04 15:30:40'),
('neer101', '2018-09-04', 3.0345571369254984, 0.34353477021798096, '2018-10-04 15:30:40'),
('neer104', '2018-09-04', 13.401293354497692, 2.93153292129637, '2018-10-04 15:30:40'),
('neer104', '2018-09-04', 4.6962492287350965, 4.876874199071062, '2018-10-04 15:30:40'),
('neer101', '2018-09-04', 16.664395788882757, 5.999182483997792, '2018-10-04 15:30:40'),
('neer101', '2018-09-04', 11.562076467035673, 6.998098914258434, '2018-10-04 15:30:40'),
('neer103', '2018-09-04', 16.334144296659197, 0, '2018-10-04 15:30:40'),
('neer104', '2018-09-04', 13.878400975032822, 6.939200487516411, '2018-10-04 15:30:40'),
('neer104', '2018-09-04', 2.7382538663489484, 2.4644284797140537, '2018-10-04 15:30:40'),
('neer104', '2018-09-04', 10.156134370568529, 2.031226874113706, '2018-10-04 15:30:40'),
('neer104', '2018-09-05', 15.941234294845954, 1.6490932029150986, '2018-10-04 15:30:40'),
('neer103', '2018-09-05', 42.30402659482828, 13.501285083455834, '2018-10-04 15:30:40'),
('neer104', '2018-09-05', 50.75195768957674, 26.282263803530814, '2018-10-04 15:30:40'),
('neer104', '2018-09-05', 10.98996467489476, 7.156256067373332, '2018-10-04 15:30:40'),
('neer104', '2018-09-06', 34.07135125339154, 13.486576537800817, '2018-10-04 15:30:40'),
('neer104', '2018-09-06', 15.864394736554624, 0, '2018-10-04 15:30:40'),
('neer102', '2018-09-06', 6.870086384500524, 0, '2018-10-04 15:30:40'),
('neer103', '2018-09-06', 20.90794758352144, 15.890040163476295, '2018-10-04 15:30:40'),
('neer103', '2018-09-06', 9.672764774188739, 3.659965049693036, '2018-10-04 15:30:40'),
('neer101', '2018-09-06', 14.126661550768805, 16.144756058021493, '2018-10-04 15:30:40'),
('neer103', '2018-09-06', 51.585395984923025, 5.336420274302382, '2018-10-04 15:30:40'),
('neer104', '2018-09-06', 16.659290553611505, 13.188605021609106, '2018-10-04 15:30:40'),
('neer102', '2018-09-06', 2.16822830462531, 18.791311973419354, '2018-10-04 15:30:40'),
('neer103', '2018-09-06', 0, 0.03219708006202937, '2018-10-04 15:30:40'),
('neer103', '2018-09-06', 9.324970956472221, 4.6624854782361105, '2018-10-04 15:30:40'),
('neer104', '2018-09-06', 29.862013140164564, 17.253607592095083, '2018-10-04 15:30:40'),
('neer104', '2018-09-07', 1.1104185230265289, 1.06415108456709, '2018-10-04 15:30:40'),
('neer103', '2018-09-07', 1.191763287351994, 2.2918524756769116, '2018-10-04 15:30:40'),
('neer101', '2018-09-07', 0.1354016643378403, 0.02461848442506187, '2018-10-04 15:30:40'),
('neer103', '2018-09-07', 13.205938193031631, 5.659687797013556, '2018-10-04 15:30:40'),
('neer102', '2018-09-07', 12.181387207854701, 2.9003302875844525, '2018-10-04 15:30:40'),
('neer101', '2018-09-07', 21.083878181600358, 13.25272342843451, '2018-10-04 15:30:40'),
('neer101', '2018-09-07', 24.779598321627976, 12.101664296609012, '2018-10-04 15:30:40'),
('neer101', '2018-09-07', 0.9081903795219533, 19.071997969961018, '2018-10-04 15:30:40'),
('neer103', '2018-09-08', 7.661071981349725, 2.4376138122476396, '2018-10-04 15:30:40'),
('neer102', '2018-09-08', 0, 0.3492039187223521, '2018-10-04 15:30:40'),
('neer101', '2018-09-09', 7.703854607027583, 14.894118906919992, '2018-10-04 15:30:40'),
('neer102', '2018-09-09', 1.7204056079297307, 0.046497448862965696, '2018-10-04 15:30:40'),
('neer104', '2018-09-09', 12.76781742983416, 2.8372927621853687, '2018-10-04 15:30:40'),
('neer102', '2018-09-09', 11.278582942001176, 5.639291471000588, '2018-10-04 15:30:40'),
('neer104', '2018-09-09', 5.704085047104283, 8.815404163706619, '2018-10-04 15:30:40'),
('neer101', '2018-09-09', 1.1919340818155444, 7.7475715318010385, '2018-10-04 15:30:40'),
('neer104', '2018-09-09', 3.9681217977729273, 2.6926540770602005, '2018-10-04 15:30:40'),
('neer102', '2018-09-09', 45.37780088511395, 19.32758185847446, '2018-10-04 15:30:40'),
('neer102', '2018-09-09', 0.5531900917585375, 0.19361653211548813, '2018-10-04 15:30:40'),
('neer103', '2018-09-09', 2.639560330864686, 2.815531019588999, '2018-10-04 15:30:40'),
('neer102', '2018-09-09', 2.13460684943931, 0.7762206725233853, '2018-10-04 15:30:40'),
('neer103', '2018-09-10', 8.984487201791264, 2.085684528987258, '2018-10-04 15:30:40'),
('neer104', '2018-09-10', 11.74242009530862, 13.699490111193391, '2018-10-04 15:30:40'),
('neer104', '2018-09-10', 19.767902218564178, 22.93076657353445, '2018-10-04 15:30:40'),
('neer102', '2018-09-10', 39.70139174039337, 17.825114658952128, '2018-10-04 15:30:40'),
('neer101', '2018-09-10', 0.5607269991891753, 11.214539983783506, '2018-10-04 15:30:40'),
('neer101', '2018-09-11', 3.5780497291347975, 0.2104735134785175, '2018-10-04 15:30:40'),
('neer103', '2018-09-11', 24.44267677957093, 11.732484854194048, '2018-10-04 15:30:40'),
('neer102', '2018-09-11', 2.794914939534251, 18.865675841856195, '2018-10-04 15:30:40'),
('neer104', '2018-09-11', 27.072993302607813, 11.678546130536704, '2018-10-04 15:30:40'),
('neer104', '2018-09-11', 0, 22.49638282218188, '2018-10-04 15:30:40'),
('neer101', '2018-09-11', 9.309770640330633, 10.025906843432988, '2018-10-04 15:30:40'),
('neer101', '2018-09-11', 22.974745754180294, 0, '2018-10-04 15:30:40'),
('neer104', '2018-09-11', 38.4667683512645, 20.149259612567118, '2018-10-04 15:30:40'),
('neer102', '2018-09-11', 7.887584915773555, 7.887584915773555, '2018-10-04 15:30:40'),
('neer101', '2018-09-11', 12.366463925069054, 2.6231893174388903, '2018-10-04 15:30:40'),
('neer101', '2018-09-11', 1.4225492787731882, 3.1296084133010136, '2018-10-04 15:30:40'),
('neer102', '2018-09-11', 16.02417125754378, 2.403625688631567, '2018-10-04 15:30:40'),
('neer101', '2018-09-11', 8.278251748036602, 0.7525683407306003, '2018-10-04 15:30:40'),
('neer102', '2018-09-11', 13.40787199077791, 7.7353107639103325, '2018-10-04 15:30:40'),
('neer101', '2018-09-11', 17.242711608876448, 3.253341812995556, '2018-10-04 15:30:40'),
('neer102', '2018-09-12', 19.115970858773203, 4.155645838863739, '2018-10-04 15:30:40'),
('neer103', '2018-09-12', 24.818434378045886, 14.181962501740507, '2018-10-04 15:30:40'),
('neer103', '2018-09-12', 1.5477281961481684, 0, '2018-10-04 15:30:40'),
('neer101', '2018-09-12', 4.926742653147422, 20.692319143219173, '2018-10-04 15:30:40'),
('neer102', '2018-09-12', 19.726831248583863, 6.003818206090742, '2018-10-04 15:30:40'),
('neer104', '2018-09-12', 8.628695727833168, 19.41456538762463, '2018-10-04 15:30:40'),
('neer104', '2018-09-12', 10.813946896288417, 9.462203534252366, '2018-10-04 15:30:40'),
('neer103', '2018-09-13', 10.093673085915405, 4.205697119131419, '2018-10-04 15:30:40'),
('neer102', '2018-09-13', 34.34024936602252, 3.9623364653102904, '2018-10-04 15:30:40'),
('neer103', '2018-09-13', 25.088206553683754, 6.11907476919116, '2018-10-04 15:30:40'),
('neer102', '2018-09-14', 7.047936964154674, 4.485050795371157, '2018-10-04 15:30:40'),
('neer103', '2018-09-14', 45.021889299252344, 10.451510015897867, '2018-10-04 15:30:40'),
('neer102', '2018-09-14', 2.0618570784387673, 7.731964044145378, '2018-10-04 15:30:40'),
('neer103', '2018-09-14', 6.749614079001448, 2.999828479556199, '2018-10-04 15:30:40'),
('neer102', '2018-09-14', 36.66185197276977, 5.533864448719965, '2018-10-04 15:30:40'),
('neer101', '2018-09-14', 3.374647641404054, 2.1935209669126348, '2018-10-04 15:30:40'),
('neer102', '2018-09-14', 6.337767058028128, 1.3048343942999088, '2018-10-04 15:30:40'),
('neer101', '2018-09-14', 20.905384675320754, 24.887362708715184, '2018-10-04 15:30:40'),
('neer101', '2018-09-14', 2.3051136399517316, 15.367424266344878, '2018-10-04 15:30:40'),
('neer102', '2018-09-14', 0.28213537699778357, 0, '2018-10-04 15:30:40'),
('neer102', '2018-09-14', 19.807251039970176, 10.375226735222473, '2018-10-04 15:30:40'),
('neer102', '2018-09-14', 11.518904247576657, 2.504109619038404, '2018-10-04 15:30:40'),
('neer102', '2018-09-14', 5.81363697472363, 1.0335354621730897, '2018-10-04 15:30:40'),
('neer101', '2018-09-15', 17.589074220163447, 16.88551125135691, '2018-10-04 15:30:40'),
('neer104', '2018-09-16', 14.497076722686463, 16.30921131302227, '2018-10-04 15:30:40'),
('neer102', '2018-09-17', 15.07723671172639, 10.508377102112332, '2018-10-04 15:30:40'),
('neer102', '2018-09-17', 8.421067617517997, 0.7655516015925452, '2018-10-04 15:30:40'),
('neer101', '2018-09-17', 0.5012165089594383, 1.837793866184607, '2018-10-04 15:30:40'),
('neer101', '2018-09-17', 42.643927547897086, 11.481057416741523, '2018-10-04 15:30:40'),
('neer102', '2018-09-17', 9.335064615832476, 6.055177048107551, '2018-10-04 15:30:40'),
('neer103', '2018-09-17', 0, 3.8440937078988866, '2018-10-04 15:30:40'),
('neer104', '2018-09-17', 1.2985243686202534, 0.6197502668414846, '2018-10-04 15:30:40'),
('neer101', '2018-09-17', 17.86938133778582, 2.5527687625408317, '2018-10-04 15:30:40'),
('neer103', '2018-09-17', 1.0501069653346782, 0.6682498870311588, '2018-10-04 15:30:40'),
('neer103', '2018-09-17', 24.1354566172424, 0.5485331049373273, '2018-10-04 15:30:40'),
('neer103', '2018-09-17', 2.4479143995770425, 1.2851550597779473, '2018-10-04 15:30:40'),
('neer101', '2018-09-17', 6.174151343897484, 3.087075671948742, '2018-10-04 15:30:40'),
('neer103', '2018-09-18', 41.10405504709406, 24.326889721749545, '2018-10-04 15:30:40'),
('neer102', '2018-09-18', 34.1920640160503, 2.630158770465408, '2018-10-04 15:30:40'),
('neer103', '2018-09-18', 0.4754099644991925, 0.43883996723002383, '2018-10-04 15:30:40'),
('neer102', '2018-09-18', 33.34254954047773, 17.782693088254785, '2018-10-04 15:30:40'),
('neer102', '2018-09-18', 1.654105192961382, 0.38920122187326633, '2018-10-04 15:30:40'),
('neer102', '2018-09-19', 21.403933014958866, 13.377458134349293, '2018-10-04 15:30:40'),
('neer103', '2018-09-19', 23.375864861792788, 1.6697046329851992, '2018-10-04 15:30:40'),
('neer101', '2018-09-19', 46.60263428784763, 11.015168104400347, '2018-10-04 15:30:40'),
('neer102', '2018-09-19', 32.19834266745876, 17.33756912863164, '2018-10-04 15:30:40'),
('neer102', '2018-09-19', 15.72941682495664, 9.309246692321278, '2018-10-04 15:30:40'),
('neer103', '2018-09-20', 0.7715864844924522, 0.3792543737335782, '2018-10-04 15:30:40'),
('neer103', '2018-09-20', 12.673113814156283, 16.193423206977474, '2018-10-04 15:30:40'),
('neer101', '2018-09-20', 2.7266748105442584, 10.906699242177034, '2018-10-04 15:30:40'),
('neer101', '2018-09-20', 16.734265520423016, 12.663768501941743, '2018-10-04 15:30:40'),
('neer101', '2018-09-20', 48.38984592058408, 17.347303254549008, '2018-10-04 15:30:40'),
('neer103', '2018-09-20', 0.8651621818551303, 2.0187117576619706, '2018-10-04 15:30:40'),
('neer102', '2018-09-20', 18.97029364999222, 15.298623911284052, '2018-10-04 15:30:40'),
('neer102', '2018-09-20', 16.522853413778954, 3.3045706827557906, '2018-10-04 15:30:40'),
('neer101', '2018-09-20', 40.95735121309007, 23.75526370359224, '2018-10-04 15:30:40'),
('neer104', '2018-09-20', 0, 0.4674297569154635, '2018-10-04 15:30:40'),
('neer103', '2018-09-22', 40.62087436816724, 20.31043718408362, '2018-10-04 15:30:40'),
('neer103', '2018-09-22', 17.328437533224815, 2.100416670693917, '2018-10-04 15:30:40'),
('neer103', '2018-09-23', 29.86217620716483, 1.4931088103582415, '2018-10-04 15:30:40'),
('neer104', '2018-09-23', 21.212675196811134, 1.2856166785946141, '2018-10-04 15:30:40'),
('neer103', '2018-09-23', 1.506550350147452, 2.0087338001966026, '2018-10-04 15:30:40'),
('neer104', '2018-09-23', 2.028908485567576, 2.028908485567576, '2018-10-04 15:30:40'),
('neer104', '2018-09-23', 13.341749741253999, 6.319776193225579, '2018-10-04 15:30:40'),
('neer104', '2018-09-23', 7.172265183589592, 17.604650905174452, '2018-10-04 15:30:40'),
('neer102', '2018-09-23', 2.6575731276911716, 0.5833697109565986, '2018-10-04 15:30:40'),
('neer101', '2018-09-23', 24.477254712937164, 7.343176413881149, '2018-10-04 15:30:40'),
('neer102', '2018-09-23', 21.404030377535356, 20.51219577847138, '2018-10-04 15:30:40'),
('neer102', '2018-09-23', 16.79904581445134, 6.844055702183878, '2018-10-04 15:30:40'),
('neer101', '2018-09-24', 20.768787323350224, 7.369569695382339, '2018-10-04 15:30:40'),
('neer104', '2018-09-24', 12.576265014642978, 26.11993503041234, '2018-10-04 15:30:40'),
('neer102', '2018-09-24', 0.9960586890480476, 0.2766829691800132, '2018-10-04 15:30:40'),
('neer101', '2018-09-24', 11.472424996530442, 16.57128055054397, '2018-10-04 15:30:40'),
('neer101', '2018-09-24', 0.5521191266859392, 4.969072140173453, '2018-10-04 15:30:40'),
('neer104', '2018-09-24', 31.668157162808253, 25.51045993670665, '2018-10-04 15:30:40'),
('neer101', '2018-09-24', 6.360118567712868, 6.360118567712868, '2018-10-04 15:30:40'),
('neer102', '2018-09-24', 3.2509744386355393, 1.8964017558707313, '2018-10-04 15:30:40'),
('neer101', '2018-09-26', 12.085325235862438, 11.329992408621036, '2018-10-04 15:30:40'),
('neer103', '2018-09-26', 3.121657321255695, 3.4685081347285496, '2018-10-04 15:30:40'),
('neer101', '2018-09-26', 4.3231850301841295, 1.8157377126773342, '2018-10-04 15:30:40'),
('neer104', '2018-09-26', 18.01287579801234, 1.7155119807630803, '2018-10-04 15:30:40'),
('neer102', '2018-09-26', 1.083806190043049, 0.06773788687769056, '2018-10-04 15:30:40'),
('neer104', '2018-09-26', 17.482956932216698, 16.317426470068916, '2018-10-04 15:30:40'),
('neer104', '2018-09-26', 17.33706889654457, 4.494795639844888, '2018-10-04 15:30:40'),
('neer102', '2018-09-26', 16.058384259470472, 17.51823737396779, '2018-10-04 15:30:40'),
('neer103', '2018-09-26', 47.035760507400624, 0, '2018-10-04 15:30:40'),
('neer104', '2018-09-26', 1.2862782509870958, 5.145113003948383, '2018-10-04 15:30:40'),
('neer103', '2018-09-26', 27.8055558192591, 8.138211459295347, '2018-10-04 15:30:40'),
('neer103', '2018-09-26', 8.447201470570821, 1.2854437020433858, '2018-10-04 15:30:40'),
('neer104', '2018-09-26', 0.9097390166037445, 0.5276486296301718, '2018-10-04 15:30:40'),
('neer102', '2018-09-27', 6.981388462346461, 4.363367788966538, '2018-10-04 15:30:40'),
('neer102', '2018-09-27', 22.649731216892892, 16.55172665849865, '2018-10-04 15:30:40'),
('neer101', '2018-09-27', 1.7202975951060135, 7.741339177977061, '2018-10-04 15:30:40'),
('neer101', '2018-09-27', 2.160519646413914, 4.321039292827828, '2018-10-04 15:30:40'),
('neer102', '2018-09-27', 16.64427044845492, 12.302286853205812, '2018-10-04 15:30:40'),
('neer102', '2018-09-27', 40.808072941271796, 4.164089075639979, '2018-10-04 15:30:40'),
('neer104', '2018-09-28', 15.40249281124917, 6.89058888924305, '2018-10-04 15:30:40'),
('neer101', '2018-09-28', 11.930293229132062, 9.279116955991604, '2018-10-04 15:30:40'),
('neer102', '2018-09-28', 16.200905727548715, 9.000503181971508, '2018-10-04 15:30:40'),
('neer103', '2018-09-28', 5.244793739889033, 1.6137826891966256, '2018-10-04 15:30:40'),
('neer104', '2018-09-28', 21.45579365146623, 13.653686869114873, '2018-10-04 15:30:40'),
('neer104', '2018-09-28', 30.904886059187486, 16.857210577738627, '2018-10-04 15:30:40'),
('neer102', '2018-09-28', 7.263550653566427, 2.462220560530992, '2018-10-04 15:30:40'),
('neer104', '2018-09-28', 22.249906878356555, 1.9777695002983604, '2018-10-04 15:30:40'),
('neer103', '2018-09-28', 13.70577330008819, 10.66004590006859, '2018-10-04 15:30:40'),
('neer102', '2018-09-28', 1.942992647818949, 10.880758827786115, '2018-10-04 15:30:40'),
('neer102', '2018-09-28', 6.073485008125687, 2.335955772356033, '2018-10-04 15:30:40'),
('neer103', '2018-09-28', 5.902551332313364, 2.75452395507957, '2018-10-04 15:30:40'),
('neer101', '2018-09-28', 48.68581584521844, 4.967940392369229, '2018-10-04 15:30:40'),
('neer103', '2018-09-28', 41.58912383305137, 6.19412482619914, '2018-10-04 15:30:40'),
('neer101', '2018-09-28', 9.289200675769552, 12.540420912288894, '2018-10-04 15:30:40'),
('neer103', '2018-09-29', 20.437668581203855, 19.73292138874855, '2018-10-04 15:30:40'),
('neer104', '2018-09-29', 0.8627208352603783, 12.078091693645296, '2018-10-04 15:30:40'),
('neer102', '2018-09-29', 6.801858400275938, 1.3603716800551875, '2018-10-04 15:30:40'),
('neer101', '2018-09-29', 6.986687183954136, 1.8455400108558095, '2018-10-04 15:30:40'),
('neer103', '2018-09-29', 19.026969178236534, 5.790816706419815, '2018-10-04 15:30:40'),
('neer104', '2018-09-29', 1.4300820844369433, 0.7150410422184716, '2018-10-04 15:30:40'),
('neer101', '2018-09-29', 1.6859008952248185, 1.4049174126873487, '2018-10-04 15:30:40'),
('neer101', '2018-09-29', 3.170775300228355, 2.1694778369983485, '2018-10-04 15:30:40'),
('neer104', '2018-09-29', 20.935505109915525, 10.184840323742687, '2018-10-04 15:30:40'),
('neer104', '2018-09-29', 24.483318125881187, 10.38686223522232, '2018-10-04 15:30:40'),
('neer104', '2018-09-29', 4.088343170137245, 4.088343170137245, '2018-10-04 15:30:40'),
('neer102', '2018-09-30', 3.734358394290237, 3.9833156205762528, '2018-10-04 15:30:40'),
('neer103', '2018-09-30', 8.870726392254735, 1.774145278450947, '2018-10-04 15:30:40'),
('neer103', '2018-09-30', 7.299732269079938, 1.8249330672699846, '2018-10-04 15:30:40'),
('neer104', '2018-09-30', 1.351872790033078, 0.7724987371617589, '2018-10-04 15:30:40'),
('neer101', '2018-09-30', 14.94462603784405, 0, '2018-10-04 15:30:40'),
('neer103', '2018-09-30', 9.14143813863973, 15.789756784923169, '2018-10-04 15:30:40'),
('neer103', '2018-09-30', 6.474740620961477, 1.2140138664302769, '2018-10-04 15:30:40'),
('neer103', '2018-09-30', 1.7086752792936117, 0.5695584264312039, '2018-10-04 15:30:40'),
('neer103', '2018-09-30', 43.77387121225111, 28.85096057171096, '2018-10-04 15:30:40'),
('neer104', '2018-09-30', 17.503086651370232, 12.252160655959162, '2018-10-04 15:30:40'),
('neer103', '2018-09-30', 0.920554651256072, 18.411093025121442, '2018-10-04 15:30:40'),
('neer104', '2018-09-30', 17.917022905146233, 3.8950049793796158, '2018-10-04 15:30:40'),
('neer101', '2018-09-30', 16.532300652579224, 9.677444284436618, '2018-10-04 15:30:40'),
('neer103', '2018-09-30', 11.882417953794757, 8.487441395567682, '2018-10-04 15:30:40'),
('neer103', '2018-09-30', 41.527167195158576, 21.70738285201471, '2018-10-04 15:30:40'),
('neer102', '2018-10-01', 24.635664973741875, 8.759347546219333, '2018-10-04 15:30:40'),
('neer101', '2018-10-01', 31.704396434433125, 9.393895239832037, '2018-10-04 15:30:40'),
('neer102', '2018-10-01', 3.886951514986566, 2.092973892685074, '2018-10-04 15:30:40'),
('neer104', '2018-10-01', 18.299747611710906, 5.882061732335648, '2018-10-04 15:30:40'),
('neer104', '2018-10-01', 31.728760360213393, 3.732795336495693, '2018-10-04 15:30:40'),
('neer101', '2018-10-01', 0.605722664479069, 0.012887716265512106, '2018-10-04 15:30:40'),
('neer104', '2018-10-01', 18.456721053881946, 9.402480536883255, '2018-10-04 15:30:40'),
('neer101', '2018-10-01', 36.925910532645695, 21.979708650384342, '2018-10-04 15:30:40'),
('neer102', '2018-10-02', 0.4572460795151263, 0.1306417370043218, '2018-10-04 15:30:40'),
('neer104', '2018-10-02', 15.807426053533232, 12.159558502717871, '2018-10-04 15:30:40'),
('neer101', '2018-10-02', 5.846223595427674, 1.4074241988992549, '2018-10-04 15:30:40'),
('neer103', '2018-10-02', 32.25822538959403, 5.610126154712005, '2018-10-04 15:30:40'),
('neer102', '2018-10-02', 16.24257978811174, 19.49109574573409, '2018-10-04 15:30:40'),
('neer102', '2018-10-02', 3.7992074639536337, 1.4612336399821668, '2018-10-04 15:30:40'),
('neer102', '2018-10-02', 5.33822794513215, 0, '2018-10-04 15:30:40'),
('neer102', '2018-10-03', 23.301551887190364, 1.5196664274254585, '2018-10-04 15:30:40'),
('neer103', '2018-10-03', 11.354536204852531, 13.147357710881879, '2018-10-04 15:30:40'),
('neer103', '2018-10-03', 35.435047542165236, 16.63277741775103, '2018-10-04 15:30:40'),
('neer104', '2018-10-03', 3.9721372208754246, 2.683876500591503, '2018-10-04 15:30:40'),
('neer103', '2018-10-03', 1.9351641402450537, 4.515382993905125, '2018-10-04 15:30:40'),
('neer101', '2018-10-04', 15.476697961035535, 5.346495659266822, '2018-10-04 15:30:40'),
('neer101', '2018-10-04', 1.8974804556555425, 3.035968729048868, '2018-10-04 15:30:40'),
('neer101', '2018-10-04', 20.868392952702383, 4.637420656156085, '2018-10-04 15:30:40'),
('neer103', '2018-10-04', 1.6083012392132114, 2.412451858819817, '2018-10-04 15:30:40'),
('neer103', '2018-10-04', 16.426133664345087, 3.7332121964420653, '2018-10-04 15:30:40'),
('neer104', '2018-10-04', 0.47774695673845946, 0.8452446157680437, '2018-10-04 15:30:40'),
('neer102', '2018-10-04', 20.08201575195001, 8.519643046281821, '2018-10-04 15:30:40'),
('neer101', '2018-10-04', 57.6233212576659, 17.883099700654935, '2018-10-04 15:30:40'),
('neer103', '2018-10-04', 19.337519798882482, 10.129177037509873, '2018-10-04 15:30:40'),
('neer104', '2018-10-04', 51.4345102644734, 10.641622813339325, '2018-10-04 15:30:40'),
('neer103', '2018-10-04', 11.248006963998183, 8.584005314630192, '2018-10-04 15:30:40'),
('neer103', '2018-10-04', 5.411241146630845, 4.994991827659241, '2018-10-04 15:30:40'),
('neer202', '2018-09-01', 4.056126096875561, 12.844399306772608, '2018-10-04 15:32:16'),
('neer202', '2018-09-01', 12.343478719509744, 1.1945301986622332, '2018-10-04 15:32:16'),
('neer204', '2018-09-01', 12.360496311848411, 0.8623602078033775, '2018-10-04 15:32:16'),
('neer201', '2018-09-01', 24.242770928180455, 16.71915236426238, '2018-10-04 15:32:16'),
('neer203', '2018-09-01', 6.794658983075591, 2.9617744285201293, '2018-10-04 15:32:16'),
('neer204', '2018-09-01', 0.5951063287998368, 0.27466445944607853, '2018-10-04 15:32:16'),
('neer203', '2018-09-01', 15.537289152919527, 6.797564004402293, '2018-10-04 15:32:16'),
('neer204', '2018-09-01', 18.232006073911627, 14.064690399874683, '2018-10-04 15:32:16'),
('neer201', '2018-09-02', 19.23566047928999, 13.81021778000307, '2018-10-04 15:32:16'),
('neer203', '2018-09-02', 7.741078763977733, 3.8705393819888667, '2018-10-04 15:32:16'),
('neer204', '2018-09-02', 0, 1.4740235200093559, '2018-10-04 15:32:16'),
('neer202', '2018-09-02', 26.093991853645072, 1.630874490852817, '2018-10-04 15:32:16'),
('neer201', '2018-09-02', 9.63925457641673, 0.5355141431342628, '2018-10-04 15:32:16'),
('neer203', '2018-09-02', 8.382656825025443, 1.9723898411824572, '2018-10-04 15:32:16'),
('neer203', '2018-09-02', 36.6265048148791, 19.978093535388602, '2018-10-04 15:32:16'),
('neer204', '2018-09-02', 0.2535290756224018, 0.6760775349930714, '2018-10-04 15:32:16'),
('neer204', '2018-09-02', 12.999889213872088, 5.055512472061368, '2018-10-04 15:32:16'),
('neer204', '2018-09-02', 25.14802947189918, 24.21662097293995, '2018-10-04 15:32:16'),
('neer203', '2018-09-02', 2.974620847672691, 2.3796966781381528, '2018-10-04 15:32:16'),
('neer203', '2018-09-02', 2.640061104169052, 2.4640570305577816, '2018-10-04 15:32:16'),
('neer201', '2018-09-03', 8.63067660875179, 1.8494307018753835, '2018-10-04 15:32:16'),
('neer201', '2018-09-03', 17.90457842155187, 8.545366973922484, '2018-10-04 15:32:16'),
('neer204', '2018-09-03', 0, 6.6271826034124235, '2018-10-04 15:32:16'),
('neer204', '2018-09-03', 15.20088933455213, 10.594559233172697, '2018-10-04 15:32:16'),
('neer203', '2018-09-03', 22.117276484242943, 9.047976743553932, '2018-10-04 15:32:16'),
('neer204', '2018-09-03', 33.4991432297466, 10.3687824282549, '2018-10-04 15:32:16'),
('neer204', '2018-09-03', 0.761586585344473, 4.569519512066838, '2018-10-04 15:32:16'),
('neer204', '2018-09-03', 8.197565258447767, 8.525467868785677, '2018-10-04 15:32:16'),
('neer203', '2018-09-04', 0.03968859983183837, 1.1509693951233126, '2018-10-04 15:32:16'),
('neer201', '2018-09-04', 30.331103870739174, 10.873414595170647, '2018-10-04 15:32:16'),
('neer202', '2018-09-04', 34.467487184408526, 11.958107798672344, '2018-10-04 15:32:16'),
('neer204', '2018-09-04', 15.127494929341644, 5.042498309780548, '2018-10-04 15:32:16'),
('neer203', '2018-09-04', 21.399315280729628, 11.522708228085184, '2018-10-04 15:32:16'),
('neer202', '2018-09-04', 11.162654259806283, 3.8826623512369682, '2018-10-04 15:32:16'),
('neer201', '2018-09-04', 9.320341108031744, 11.067905065787697, '2018-10-04 15:32:16'),
('neer202', '2018-09-04', 0.39311806514205716, 2.5552674234233717, '2018-10-04 15:32:16'),
('neer201', '2018-09-04', 56.61105524272723, 17.56894817877742, '2018-10-04 15:32:16'),
('neer203', '2018-09-05', 4.5781512001096765, 1.6866872842509335, '2018-10-04 15:32:16'),
('neer201', '2018-09-05', 13.802975268999727, 3.450743817249932, '2018-10-04 15:32:16'),
('neer201', '2018-09-05', 10.323932795772858, 6.804410251759385, '2018-10-04 15:32:16'),
('neer204', '2018-09-05', 12.682525387264022, 0.691774112032583, '2018-10-04 15:32:16'),
('neer201', '2018-09-05', 6.046397732038, 5.116182696339846, '2018-10-04 15:32:16'),
('neer203', '2018-09-05', 3.4495944396721856, 2.0697566638033114, '2018-10-04 15:32:16'),
('neer202', '2018-09-05', 19.299253091315112, 6.987660602027885, '2018-10-04 15:32:16'),
('neer204', '2018-09-05', 16.33511755039195, 6.352545714041313, '2018-10-04 15:32:16'),
('neer201', '2018-09-06', 17.19277730017045, 3.2748147238419905, '2018-10-04 15:32:16'),
('neer201', '2018-09-06', 14.672044462172611, 1.294592158426995, '2018-10-04 15:32:16'),
('neer202', '2018-09-06', 26.32401092072048, 9.531107402329829, '2018-10-04 15:32:16'),
('neer201', '2018-09-06', 9.550419644116658, 20.837279223527254, '2018-10-04 15:32:16'),
('neer202', '2018-09-06', 12.07707142954668, 2.9151551726491984, '2018-10-04 15:32:16'),
('neer203', '2018-09-07', 1.3113324981078782, 0.4371108327026261, '2018-10-04 15:32:16'),
('neer204', '2018-09-07', 22.82601092225949, 16.16842440326714, '2018-10-04 15:32:16'),
('neer201', '2018-09-07', 9.570054901779685, 3.455853158975997, '2018-10-04 15:32:16'),
('neer202', '2018-09-07', 16.315755728762788, 22.53128172067242, '2018-10-04 15:32:16'),
('neer202', '2018-09-07', 4.020832326994565, 0.5744046181420808, '2018-10-04 15:32:16'),
('neer202', '2018-09-07', 8.301027867105454, 10.742506651548235, '2018-10-04 15:32:16'),
('neer203', '2018-09-07', 21.11826480588105, 26.627377363936976, '2018-10-04 15:32:16'),
('neer202', '2018-09-07', 33.93841728246223, 4.167875806618169, '2018-10-04 15:32:16'),
('neer201', '2018-09-07', 11.35272711451464, 7.379272624434516, '2018-10-04 15:32:16'),
('neer202', '2018-09-07', 26.348174789848485, 8.485005440798664, '2018-10-04 15:32:16'),
('neer203', '2018-09-07', 0.8623989352713224, 0.9486388287984546, '2018-10-04 15:32:16'),
('neer201', '2018-09-07', 2.4087640707443665, 1.1597752933213616, '2018-10-04 15:32:16'),
('neer203', '2018-09-07', 12.560205632034641, 19.258981969119784, '2018-10-04 15:32:16'),
('neer202', '2018-09-07', 1.72191442429042, 2.4598777489863144, '2018-10-04 15:32:16'),
('neer204', '2018-09-08', 6.868548246659022, 2.705791733532342, '2018-10-04 15:32:16'),
('neer203', '2018-09-08', 0.6601915117365229, 11.22325569952089, '2018-10-04 15:32:16'),
('neer204', '2018-09-08', 25.69927847112374, 18.896528287590986, '2018-10-04 15:32:16'),
('neer203', '2018-09-08', 17.388459621813524, 9.717080376895792, '2018-10-04 15:32:16'),
('neer201', '2018-09-08', 0.7017332140406638, 1.1110775888977176, '2018-10-04 15:32:16'),
('neer201', '2018-09-08', 3.7611348993176614, 0, '2018-10-04 15:32:16'),
('neer201', '2018-09-08', 24.923244507272322, 2.4315360494899827, '2018-10-04 15:32:16'),
('neer201', '2018-09-08', 12.664985476131832, 2.922688956030423, '2018-10-04 15:32:16'),
('neer201', '2018-09-09', 2.9584710094710416, 1.5778512050512221, '2018-10-04 15:32:16'),
('neer201', '2018-09-09', 11.949559495003488, 4.34529436181945, '2018-10-04 15:32:16'),
('neer201', '2018-09-09', 2.504671402970245, 1.8215792021601782, '2018-10-04 15:32:16'),
('neer202', '2018-09-09', 13.342992880915475, 14.045255664121552, '2018-10-04 15:32:16'),
('neer201', '2018-09-09', 13.725401641684892, 0.7625223134269384, '2018-10-04 15:32:16'),
('neer204', '2018-09-09', 18.026828330752476, 0, '2018-10-04 15:32:16'),
('neer204', '2018-09-09', 13.137439510909573, 4.148665108708286, '2018-10-04 15:32:16'),
('neer204', '2018-09-09', 4.837732630772535, 0.6047165788465668, '2018-10-04 15:32:16'),
('neer202', '2018-09-09', 4.088489875192468, 0.4088489875192468, '2018-10-04 15:32:16'),
('neer202', '2018-09-09', 28.98766092750867, 12.635647070965318, '2018-10-04 15:32:16'),
('neer202', '2018-09-09', 4.479338419645768, 2.488521344247649, '2018-10-04 15:32:16'),
('neer203', '2018-09-09', 11.801901928073612, 2.590661398845427, '2018-10-04 15:32:16'),
('neer201', '2018-09-09', 20.418121659656354, 6.985146883566648, '2018-10-04 15:32:16'),
('neer203', '2018-09-09', 9.882472296916973, 9.882472296916973, '2018-10-04 15:32:16'),
('neer204', '2018-09-11', 8.05547146048962, 4.02773573024481, '2018-10-04 15:32:16'),
('neer201', '2018-09-11', 8.482436733557119, 8.482436733557119, '2018-10-04 15:32:16'),
('neer203', '2018-09-11', 30.22348946463646, 1.5632839378260237, '2018-10-04 15:32:16'),
('neer203', '2018-09-12', 0.8423114345739474, 0.5727717755102842, '2018-10-04 15:32:16'),
('neer203', '2018-09-12', 10.927427402395388, 11.382736877495194, '2018-10-04 15:32:16'),
('neer204', '2018-09-12', 7.267669792999088, 5.303434713810146, '2018-10-04 15:32:16'),
('neer204', '2018-09-12', 12.430025480607709, 10.826151225045423, '2018-10-04 15:32:16'),
('neer203', '2018-09-12', 32.189439612019044, 4.598491373145578, '2018-10-04 15:32:16'),
('neer204', '2018-09-12', 15.44629686669602, 13.032812981274766, '2018-10-04 15:32:16'),
('neer203', '2018-09-12', 23.01720475826594, 8.087125996147492, '2018-10-04 15:32:16'),
('neer203', '2018-09-12', 21.470882368799806, 8.29556818794538, '2018-10-04 15:32:16'),
('neer202', '2018-09-12', 49.32661967173184, 3.9461295737385473, '2018-10-04 15:32:16'),
('neer204', '2018-09-12', 20.37592189890054, 19.449743630768697, '2018-10-04 15:32:16'),
('neer203', '2018-09-12', 2.7414932130105862, 3.3507139270129382, '2018-10-04 15:32:16'),
('neer204', '2018-09-12', 1.97783996100965, 8.900279824543425, '2018-10-04 15:32:16'),
('neer201', '2018-09-12', 10.64026004323578, 2.8000684324304688, '2018-10-04 15:32:16'),
('neer201', '2018-09-13', 23.199503208220644, 17.740796570992256, '2018-10-04 15:32:16'),
('neer202', '2018-09-13', 6.2311287657637955, 2.4924515063055184, '2018-10-04 15:32:16'),
('neer202', '2018-09-13', 7.569252677883275, 2.8199176643094557, '2018-10-04 15:32:16'),
('neer203', '2018-09-13', 4.092684457510783, 0.9629845782378315, '2018-10-04 15:32:16'),
('neer203', '2018-09-14', 28.375718276415736, 8.686444370331348, '2018-10-04 15:32:16'),
('neer201', '2018-09-14', 45.02276004200631, 0, '2018-10-04 15:32:16'),
('neer204', '2018-09-14', 42.56166888691056, 15.476970504331113, '2018-10-04 15:32:16'),
('neer202', '2018-09-14', 34.18819780220075, 24.291614227879478, '2018-10-04 15:32:16'),
('neer204', '2018-09-14', 4.796233410871106, 0.8526637174881966, '2018-10-04 15:32:16'),
('neer204', '2018-09-14', 0.9937346740901146, 1.6562244568168576, '2018-10-04 15:32:16'),
('neer203', '2018-09-14', 12.167517755540624, 4.615265355549892, '2018-10-04 15:32:16'),
('neer203', '2018-09-14', 0, 22.060812561018313, '2018-10-04 15:32:16'),
('neer203', '2018-09-14', 19.260116337866236, 7.222543626699839, '2018-10-04 15:32:16'),
('neer204', '2018-09-16', 0.1740461892427858, 0.3480923784855716, '2018-10-04 15:32:16'),
('neer204', '2018-09-16', 14.616411532994551, 12.789360091370233, '2018-10-04 15:32:16'),
('neer202', '2018-09-16', 5.405763034383648, 0.1461017036319905, '2018-10-04 15:32:16'),
('neer204', '2018-09-16', 5.050435821050918, 0.2525217910525459, '2018-10-04 15:32:16'),
('neer201', '2018-09-16', 6.992175210870526, 2.3803149654027322, '2018-10-04 15:32:16'),
('neer204', '2018-09-16', 3.6471619173953345, 21.88297150437201, '2018-10-04 15:32:16'),
('neer202', '2018-09-16', 32.213130352456844, 23.2650385878855, '2018-10-04 15:32:16'),
('neer203', '2018-09-16', 54.95849789785508, 2.842680925751125, '2018-10-04 15:32:16'),
('neer203', '2018-09-16', 48.716470238351704, 22.67835683509476, '2018-10-04 15:32:16'),
('neer203', '2018-09-16', 17.128042992848282, 13.213061737340105, '2018-10-04 15:32:16'),
('neer203', '2018-09-16', 9.922634989542336, 4.377633083621618, '2018-10-04 15:32:16'),
('neer203', '2018-09-16', 18.543789187571882, 2.9279667138271392, '2018-10-04 15:32:16'),
('neer202', '2018-09-16', 0.25870420512398007, 2.845746256363781, '2018-10-04 15:32:16'),
('neer204', '2018-09-16', 19.485283524605943, 9.505016353466313, '2018-10-04 15:32:16'),
('neer201', '2018-09-17', 3.00775031964072, 0.16405910834403925, '2018-10-04 15:32:16'),
('neer201', '2018-09-17', 13.185563759195459, 1.8836519655993513, '2018-10-04 15:32:16'),
('neer204', '2018-09-17', 16.23136989686129, 11.457437574255026, '2018-10-04 15:32:16'),
('neer203', '2018-09-17', 3.278869098424008, 15.738571672435237, '2018-10-04 15:32:16'),
('neer203', '2018-09-17', 19.82402667734788, 10.620014291436366, '2018-10-04 15:32:16'),
('neer201', '2018-09-17', 29.075493432672914, 1.4910509452652776, '2018-10-04 15:32:16'),
('neer204', '2018-09-17', 11.66235628162605, 1.66605089737515, '2018-10-04 15:32:16'),
('neer203', '2018-09-17', 0.5227175051328103, 0.17423916837760345, '2018-10-04 15:32:16'),
('neer201', '2018-09-17', 1.1642692629334213, 0.158763990400012, '2018-10-04 15:32:16'),
('neer202', '2018-09-17', 20.943303513184723, 9.553085813031629, '2018-10-04 15:32:16'),
('neer203', '2018-09-17', 46.97194780940843, 5.978247903015618, '2018-10-04 15:32:16'),
('neer202', '2018-09-18', 53.310022332428716, 12.867936425069, '2018-10-04 15:32:16'),
('neer203', '2018-09-18', 15.555932490493856, 4.7532015943175665, '2018-10-04 15:32:16'),
('neer203', '2018-09-18', 10.426613989482561, 6.516633743426601, '2018-10-04 15:32:16'),
('neer201', '2018-09-18', 5.968331842309868, 3.12626906025755, '2018-10-04 15:32:16'),
('neer201', '2018-09-18', 11.568418383757997, 0.20657889970996424, '2018-10-04 15:32:16'),
('neer201', '2018-09-18', 7.107364063952039, 0.5467203126116953, '2018-10-04 15:32:16'),
('neer204', '2018-09-18', 19.258333980574108, 6.903931049639774, '2018-10-04 15:32:16'),
('neer204', '2018-09-18', 1.8640614680083318, 7.722540367463089, '2018-10-04 15:32:16'),
('neer201', '2018-09-19', 11.089559002659987, 4.085627000979995, '2018-10-04 15:32:16'),
('neer202', '2018-09-19', 5.968807708990621, 3.0991886181297454, '2018-10-04 15:32:16'),
('neer203', '2018-09-19', 15.565927686507914, 18.312856101774017, '2018-10-04 15:32:16'),
('neer202', '2018-09-19', 5.8762517871950255, 12.48703504778943, '2018-10-04 15:32:16'),
('neer204', '2018-09-19', 2.2582385072958484, 6.45211002084528, '2018-10-04 15:32:16'),
('neer201', '2018-09-19', 2.163984267672216, 0.1352490167295135, '2018-10-04 15:32:16'),
('neer204', '2018-09-19', 16.841869669844474, 6.736747867937789, '2018-10-04 15:32:16'),
('neer203', '2018-09-19', 16.672960258258808, 9.122940518669914, '2018-10-04 15:32:16'),
('neer202', '2018-09-19', 8.901302522603403, 3.708876051084751, '2018-10-04 15:32:16'),
('neer204', '2018-09-19', 0.21633948008027493, 0.18812128702632602, '2018-10-04 15:32:16'),
('neer202', '2018-09-19', 4.207557388751769, 1.8259211309677488, '2018-10-04 15:32:16'),
('neer202', '2018-09-19', 14.260422211103098, 5.87193855751304, '2018-10-04 15:32:16'),
('neer203', '2018-09-19', 36.625069179056105, 0, '2018-10-04 15:32:16'),
('neer201', '2018-09-19', 20.528918356091467, 5.042190473425975, '2018-10-04 15:32:16'),
('neer201', '2018-09-19', 5.122548922059186, 2.744222636817421, '2018-10-04 15:32:16'),
('neer202', '2018-09-20', 7.566545322099396, 0.630545443508283, '2018-10-04 15:32:16'),
('neer202', '2018-09-20', 1.8076376360317103, 11.749644634206117, '2018-10-04 15:32:16'),
('neer202', '2018-09-20', 1.5934758933670001, 0.45913712181761024, '2018-10-04 15:32:16'),
('neer202', '2018-09-20', 1.7110954900965367, 14.259129084137806, '2018-10-04 15:32:16'),
('neer201', '2018-09-21', 3.7142154347938723, 4.64276929349234, '2018-10-04 15:32:16'),
('neer204', '2018-09-22', 3.942386454890733, 5.913579682336099, '2018-10-04 15:32:16'),
('neer203', '2018-09-22', 8.757315316999234, 5.991847322157371, '2018-10-04 15:32:16'),
('neer203', '2018-09-22', 0.3104409031183075, 0.02587007525985896, '2018-10-04 15:32:16'),
('neer201', '2018-09-23', 0.22421663355199772, 0.30829787113399687, '2018-10-04 15:32:16'),
('neer202', '2018-09-23', 21.35660973455883, 3.397642457770723, '2018-10-04 15:32:16'),
('neer202', '2018-09-23', 0.9212894752430485, 1.5354824587384142, '2018-10-04 15:32:16'),
('neer203', '2018-09-23', 9.965815964213371, 7.247866155791543, '2018-10-04 15:32:16'),
('neer201', '2018-09-24', 24.749524918950943, 2.379762011437591, '2018-10-04 15:32:16'),
('neer203', '2018-09-24', 10.374563716313876, 16.976558808513616, '2018-10-04 15:32:16'),
('neer203', '2018-09-24', 22.89734341401752, 7.476683563760822, '2018-10-04 15:32:16'),
('neer203', '2018-09-24', 7.421850361040713, 1.9791600962775235, '2018-10-04 15:32:16'),
('neer202', '2018-09-24', 2.8041434813246404, 1.896920590307845, '2018-10-04 15:32:16'),
('neer202', '2018-09-24', 17.179830766689765, 0, '2018-10-04 15:32:16'),
('neer203', '2018-09-24', 38.07621700336008, 0, '2018-10-04 15:32:16'),
('neer201', '2018-09-24', 11.753174240199243, 1.356135489253759, '2018-10-04 15:32:16'),
('neer204', '2018-09-24', 2.0451876184026405, 2.658743903923433, '2018-10-04 15:32:16'),
('neer203', '2018-09-24', 21.78191652595994, 13.281656418268255, '2018-10-04 15:32:16'),
('neer202', '2018-09-24', 13.162874702943743, 23.03503073015155, '2018-10-04 15:32:16'),
('neer202', '2018-09-24', 49.163772131634246, 13.408301490445703, '2018-10-04 15:32:16'),
('neer202', '2018-09-24', 6.9526869821131125, 5.138942551996648, '2018-10-04 15:32:16'),
('neer201', '2018-09-24', 7.90065426021605, 13.978080614228396, '2018-10-04 15:32:16'),
('neer203', '2018-09-25', 10.102269337157598, 2.164772000819485, '2018-10-04 15:32:16'),
('neer203', '2018-09-25', 8.985524950966342, 8.294330723968931, '2018-10-04 15:32:16'),
('neer204', '2018-09-26', 28.838772494391613, 2.218367114953201, '2018-10-04 15:32:16'),
('neer203', '2018-09-26', 2.3141132626470493, 4.049698209632337, '2018-10-04 15:32:16'),
('neer202', '2018-09-26', 2.1152673587181026, 5.288168396795257, '2018-10-04 15:32:16'),
('neer202', '2018-09-26', 46.64020679150485, 15.019727610823596, '2018-10-04 15:32:16'),
('neer203', '2018-09-26', 11.34897392174501, 1.8914956536241683, '2018-10-04 15:32:16'),
('neer202', '2018-09-26', 7.7711737631704425, 7.216089922943983, '2018-10-04 15:32:16'),
('neer202', '2018-09-27', 1.8071954951160678, 0.4819187986976181, '2018-10-04 15:32:16'),
('neer201', '2018-09-27', 3.6799853347221303, 2.8914170487102453, '2018-10-04 15:32:16'),
('neer201', '2018-09-28', 17.458234878038446, 9.078282136579993, '2018-10-04 15:32:16'),
('neer204', '2018-09-28', 5.612860329895095, 4.2921873110962485, '2018-10-04 15:32:16'),
('neer201', '2018-09-28', 11.573196851614862, 6.50992322903336, '2018-10-04 15:32:16'),
('neer202', '2018-09-29', 37.0494271479245, 10.373839601418858, '2018-10-04 15:32:16'),
('neer202', '2018-09-29', 3.395667988386641, 0, '2018-10-04 15:32:16'),
('neer202', '2018-09-29', 18.785924489374302, 15.819725885788888, '2018-10-04 15:32:16'),
('neer202', '2018-09-29', 10.06766670460779, 6.1954872028355625, '2018-10-04 15:32:16'),
('neer201', '2018-09-29', 16.138564475354357, 0.8069282237677179, '2018-10-04 15:32:16'),
('neer203', '2018-09-29', 2.9596247799884363, 14.304853103277441, '2018-10-04 15:32:16'),
('neer201', '2018-09-29', 19.991512312636306, 6.0843733125414845, '2018-10-04 15:32:16'),
('neer204', '2018-09-29', 28.454667653836086, 14.904825913914141, '2018-10-04 15:32:16'),
('neer204', '2018-09-29', 11.651985806978862, 2.834266817913777, '2018-10-04 15:32:16'),
('neer201', '2018-09-29', 23.93147263123681, 9.884738695510856, '2018-10-04 15:32:16'),
('neer202', '2018-09-29', 10.705016358149608, 5.947231310083115, '2018-10-04 15:32:16'),
('neer204', '2018-09-29', 1.446232966539089, 0.28924659330781777, '2018-10-04 15:32:16'),
('neer203', '2018-09-30', 5.6535272768730715, 2.544087274592882, '2018-10-04 15:32:16'),
('neer201', '2018-09-30', 27.65753084687784, 13.82876542343892, '2018-10-04 15:32:16'),
('neer201', '2018-09-30', 0.9296520482332982, 13.015128675266174, '2018-10-04 15:32:16'),
('neer202', '2018-09-30', 20.44015317998333, 6.193985812116161, '2018-10-04 15:32:16'),
('neer204', '2018-09-30', 17.172926181449295, 9.540514545249609, '2018-10-04 15:32:16'),
('neer203', '2018-09-30', 11.473680633161813, 21.035081160796658, '2018-10-04 15:32:16'),
('neer204', '2018-09-30', 6.16393416913783, 22.01405060406368, '2018-10-04 15:32:16'),
('neer202', '2018-09-30', 3.2649829437234335, 7.83595906493624, '2018-10-04 15:32:16'),
('neer203', '2018-09-30', 17.2617211900736, 11.257644254395826, '2018-10-04 15:32:16'),
('neer202', '2018-09-30', 40.502712781883915, 12.790330352173868, '2018-10-04 15:32:16'),
('neer203', '2018-09-30', 0.29939127466657023, 1.9959418311104682, '2018-10-04 15:32:16'),
('neer203', '2018-09-30', 48.71088330114463, 7.4939820463299425, '2018-10-04 15:32:16'),
('neer201', '2018-09-30', 51.788683745179284, 3.7664497269221298, '2018-10-04 15:32:16'),
('neer201', '2018-10-01', 4.636822451615961, 5.1520249462399565, '2018-10-04 15:32:16'),
('neer201', '2018-10-01', 35.138827422369175, 25.227876098111203, '2018-10-04 15:32:16'),
('neer204', '2018-10-01', 0, 1.882057405557516, '2018-10-04 15:32:16'),
('neer204', '2018-10-01', 34.34530647631278, 12.0509847285308, '2018-10-04 15:32:16'),
('neer203', '2018-10-01', 3.8818159966109347, 3.4802488245477345, '2018-10-04 15:32:16'),
('neer202', '2018-10-01', 1.631968105659408, 9.791808633956448, '2018-10-04 15:32:16'),
('neer202', '2018-10-01', 6.868594901100454, 3.148105996337708, '2018-10-04 15:32:16'),
('neer204', '2018-10-01', 2.916145368675095, 5.540676200482681, '2018-10-04 15:32:16'),
('neer203', '2018-10-01', 9.143904926114464, 3.244611425395455, '2018-10-04 15:32:16'),
('neer201', '2018-10-01', 4.821553501297405, 5.698199592442387, '2018-10-04 15:32:16'),
('neer202', '2018-10-01', 10.895845544816126, 14.787218953679028, '2018-10-04 15:32:16'),
('neer201', '2018-10-01', 0.43819275098152577, 0.43819275098152577, '2018-10-04 15:32:16'),
('neer204', '2018-10-01', 18.756516087462057, 9.110307813910142, '2018-10-04 15:32:16'),
('neer203', '2018-10-01', 3.2659065892717187, 1.602142855114428, '2018-10-04 15:32:16'),
('neer203', '2018-10-01', 25.136481079660307, 7.393082670488326, '2018-10-04 15:32:16'),
('neer201', '2018-10-02', 9.326334918008493, 10.598107861373288, '2018-10-04 15:32:16'),
('neer204', '2018-10-02', 9.59833946490101, 6.250081512028563, '2018-10-04 15:32:16'),
('neer203', '2018-10-03', 8.689223468794822, 0.6206588191996301, '2018-10-04 15:32:16'),
('neer201', '2018-10-03', 27.604977568390595, 7.32376955896077, '2018-10-04 15:32:16'),
('neer202', '2018-10-03', 6.52340479929865, 0.9319149713283785, '2018-10-04 15:32:16'),
('neer201', '2018-10-03', 25.664388957631825, 3.208048619703978, '2018-10-04 15:32:16'),
('neer203', '2018-10-03', 0.79555984580718, 9.54671814968616, '2018-10-04 15:32:16'),
('neer203', '2018-10-03', 1.1179013208592938, 0.7113917496377324, '2018-10-04 15:32:16'),
('neer204', '2018-10-04', 18.27604652518749, 2.284505815648436, '2018-10-04 15:32:16'),
('neer201', '2018-10-04', 4.235976559073212, 2.2188448642764445, '2018-10-04 15:32:16'),
('neer201', '2018-10-04', 2.4350712185025203, 3.165592584053276, '2018-10-04 15:32:16'),
('neer201', '2018-10-04', 25.14500083234062, 6.1329270322782, '2018-10-04 15:32:16'),
('neer204', '2018-10-04', 1.0627338131537774, 0.6072764646593014, '2018-10-04 15:32:16'),
('neer202', '2018-10-04', 13.251325569746934, 6.276943690932757, '2018-10-04 15:32:16'),
('neer201', '2018-10-04', 24.153612961068216, 4.293975637523238, '2018-10-04 15:32:16'),
('neer201', '2018-10-04', 0.40940114171913056, 0.10235028542978264, '2018-10-04 15:32:16'),
('neer201', '2018-10-04', 8.497946352080977, 0.829067936788388, '2018-10-04 15:32:16'),
('neer203', '2018-10-04', 17.572621964546542, 19.968888596075615, '2018-10-04 15:32:16'),
('neer202', '2018-10-04', 30.768329828477547, 1.663152963701489, '2018-10-04 15:32:16'),
('neer304', '2018-09-01', 2.379554034891682, 2.141598631402514, '2018-10-04 15:32:46'),
('neer304', '2018-09-01', 10.804092918751802, 5.041910028750841, '2018-10-04 15:32:46'),
('neer301', '2018-09-01', 12.332241149902876, 9.793250324922871, '2018-10-04 15:32:46'),
('neer304', '2018-09-01', 9.497214373820388, 4.432033374449514, '2018-10-04 15:32:46'),
('neer303', '2018-09-01', 16.24689739457688, 9.748138436746126, '2018-10-04 15:32:46'),
('neer304', '2018-09-01', 6.590433631102568, 1.3941301911947739, '2018-10-04 15:32:46'),
('neer301', '2018-09-01', 26.383454202890842, 18.963107708327794, '2018-10-04 15:32:46'),
('neer304', '2018-09-01', 14.65569544008185, 9.892594422055248, '2018-10-04 15:32:46'),
('neer302', '2018-09-02', 1.8597366391106296, 1.793317473428107, '2018-10-04 15:32:46'),
('neer303', '2018-09-02', 42.884332403289385, 6.525876670065776, '2018-10-04 15:32:46'),
('neer302', '2018-09-02', 26.796978780187025, 8.245224240057546, '2018-10-04 15:32:46'),
('neer301', '2018-09-02', 0.548462974582719, 0.7505282810079312, '2018-10-04 15:32:46'),
('neer301', '2018-09-02', 14.658920761904147, 5.417427238095011, '2018-10-04 15:32:46'),
('neer303', '2018-09-02', 4.48714139099784, 1.9743422120390495, '2018-10-04 15:32:46'),
('neer303', '2018-09-02', 3.66447137403774, 10.535355200358502, '2018-10-04 15:32:46'),
('neer301', '2018-09-02', 20.91634522941587, 20.111870412899876, '2018-10-04 15:32:46'),
('neer302', '2018-09-02', 1.0304937171501605, 0.2576234292875401, '2018-10-04 15:32:46'),
('neer303', '2018-09-02', 17.120154529061836, 5.582659085563642, '2018-10-04 15:32:46'),
('neer304', '2018-09-02', 38.58053710186693, 24.465706454842444, '2018-10-04 15:32:46'),
('neer302', '2018-09-02', 14.920336486842476, 6.299697627777935, '2018-10-04 15:32:46'),
('neer301', '2018-09-02', 0, 8.774782225690528, '2018-10-04 15:32:46'),
('neer303', '2018-09-03', 20.9564579637573, 12.383361524038405, '2018-10-04 15:32:46'),
('neer302', '2018-09-03', 30.049627193525417, 7.8390331809196745, '2018-10-04 15:32:46'),
('neer304', '2018-09-03', 9.010780040687902, 2.1201835389853887, '2018-10-04 15:32:46'),
('neer304', '2018-09-03', 14.140069190494785, 1.950354371102729, '2018-10-04 15:32:46'),
('neer301', '2018-09-03', 7.103418788017773, 12.915306887305043, '2018-10-04 15:32:46'),
('neer301', '2018-09-03', 15.9310290809845, 9.293100297240958, '2018-10-04 15:32:46'),
('neer303', '2018-09-03', 17.56904957915601, 21.47328281896846, '2018-10-04 15:32:46'),
('neer301', '2018-09-04', 2.918611250245233, 4.086055750343326, '2018-10-04 15:32:46'),
('neer302', '2018-09-04', 29.5046293151381, 2.8552867079165902, '2018-10-04 15:32:46'),
('neer304', '2018-09-05', 4.606681650848624, 14.58782522768731, '2018-10-04 15:32:46'),
('neer301', '2018-09-05', 2.8681544773980625, 8.604463432194187, '2018-10-04 15:32:46'),
('neer303', '2018-09-05', 22.203704135988744, 12.45573646653027, '2018-10-04 15:32:46'),
('neer301', '2018-09-05', 5.811777345383413, 0.5283433950348557, '2018-10-04 15:32:46'),
('neer304', '2018-09-05', 4.133112572884599, 5.7863576020384375, '2018-10-04 15:32:46'),
('neer303', '2018-09-05', 14.055300650394518, 12.401735867995164, '2018-10-04 15:32:46'),
('neer303', '2018-09-05', 39.56774157603881, 16.095352505507314, '2018-10-04 15:32:46'),
('neer302', '2018-09-05', 8.88547183508318, 0.2692567222752479, '2018-10-04 15:32:46'),
('neer303', '2018-09-05', 24.557409716438446, 13.723258370950896, '2018-10-04 15:32:46'),
('neer302', '2018-09-05', 7.450798736425733, 4.697242681659701, '2018-10-04 15:32:46'),
('neer304', '2018-09-05', 14.61171944655882, 6.223510134645423, '2018-10-04 15:32:46'),
('neer301', '2018-09-05', 16.1603071974975, 4.215732312390652, '2018-10-04 15:32:46'),
('neer302', '2018-09-06', 21.97024930595514, 3.586979478523288, '2018-10-04 15:32:46'),
('neer302', '2018-09-06', 2.43436252672875, 8.1145417557625, '2018-10-04 15:32:46'),
('neer303', '2018-09-06', 7.065636814249404, 1.5701415142776454, '2018-10-04 15:32:46'),
('neer304', '2018-09-06', 13.50653261862979, 6.753266309314895, '2018-10-04 15:32:46'),
('neer303', '2018-09-06', 38.018660616343034, 0, '2018-10-04 15:32:46'),
('neer301', '2018-09-06', 3.052704854697983, 0.16066867656305173, '2018-10-04 15:32:46'),
('neer301', '2018-09-06', 1.3046911631607983, 7.393249924577856, '2018-10-04 15:32:46'),
('neer301', '2018-09-06', 2.170781634330997, 5.426954085827492, '2018-10-04 15:32:46'),
('neer304', '2018-09-06', 14.987806615394506, 0, '2018-10-04 15:32:46'),
('neer304', '2018-09-06', 17.562476219061786, 6.490480341827182, '2018-10-04 15:32:46'),
('neer301', '2018-09-06', 22.851839538058893, 1.757833810619915, '2018-10-04 15:32:46'),
('neer301', '2018-09-06', 5.650515500206591, 3.6454938711010265, '2018-10-04 15:32:46'),
('neer303', '2018-09-08', 7.928704305122824, 2.0388096784601544, '2018-10-04 15:32:46'),
('neer302', '2018-09-08', 0.08990374276453861, 0.5394224565872316, '2018-10-04 15:32:46'),
('neer301', '2018-09-08', 31.246846863110875, 14.533417145632965, '2018-10-04 15:32:46'),
('neer304', '2018-09-08', 16.266046633117707, 2.8044907988133976, '2018-10-04 15:32:46'),
('neer301', '2018-09-08', 18.177525002973212, 12.11835000198214, '2018-10-04 15:32:46'),
('neer303', '2018-09-08', 0.5926033093223648, 0.3555619855934189, '2018-10-04 15:32:46'),
('neer304', '2018-09-08', 1.7364501850524205, 2.778320296083873, '2018-10-04 15:32:46'),
('neer304', '2018-09-09', 4.548034151567087, 4.548034151567087, '2018-10-04 15:32:46'),
('neer303', '2018-09-09', 9.398906274627391, 15.380028449390277, '2018-10-04 15:32:46'),
('neer303', '2018-09-09', 6.1648348381856755, 11.302197203340405, '2018-10-04 15:32:46'),
('neer304', '2018-09-09', 8.988975130649578, 5.033826073163764, '2018-10-04 15:32:46'),
('neer301', '2018-09-09', 36.867496226596806, 7.373499245319362, '2018-10-04 15:32:46'),
('neer304', '2018-09-09', 7.019519762850999, 3.314773221346305, '2018-10-04 15:32:46'),
('neer304', '2018-09-09', 6.892030854686659, 11.71645245296732, '2018-10-04 15:32:46'),
('neer302', '2018-09-09', 9.058437977058935, 23.551938740353233, '2018-10-04 15:32:46'),
('neer302', '2018-09-10', 2.9771493882078097, 1.5797119202735317, '2018-10-04 15:32:46');
INSERT INTO `device_usage` (`device_id`, `start_time`, `counter`, `temp`, `timestamp`) VALUES
('neer302', '2018-09-11', 8.199865952938598, 5.124916220586623, '2018-10-04 15:32:46'),
('neer303', '2018-09-11', 21.04657807247702, 14.64109778954923, '2018-10-04 15:32:46'),
('neer304', '2018-09-11', 16.539786648748755, 4.548441328405907, '2018-10-04 15:32:46'),
('neer303', '2018-09-11', 0.5101132560560516, 0, '2018-10-04 15:32:46'),
('neer301', '2018-09-11', 43.357840473355495, 26.0147042840133, '2018-10-04 15:32:46'),
('neer301', '2018-09-11', 0.22313611577377335, 1.9338463367060357, '2018-10-04 15:32:46'),
('neer301', '2018-09-11', 9.97466589057753, 25.390058630560986, '2018-10-04 15:32:46'),
('neer304', '2018-09-11', 33.05111905148622, 2.937877249020997, '2018-10-04 15:32:46'),
('neer304', '2018-09-11', 12.937004019672814, 6.468502009836407, '2018-10-04 15:32:46'),
('neer303', '2018-09-11', 27.294214514325027, 2.313069026637714, '2018-10-04 15:32:46'),
('neer304', '2018-09-12', 19.478211647576433, 16.791561765152096, '2018-10-04 15:32:46'),
('neer302', '2018-09-12', 16.669466860792493, 17.463250997020708, '2018-10-04 15:32:46'),
('neer302', '2018-09-13', 3.6945230006181182, 3.0227915459602785, '2018-10-04 15:32:46'),
('neer303', '2018-09-13', 21.918748445968255, 5.977840485264069, '2018-10-04 15:32:46'),
('neer302', '2018-09-13', 0, 0, '2018-10-04 15:32:46'),
('neer304', '2018-09-13', 1.3132200696246978, 0.6009651166079125, '2018-10-04 15:32:46'),
('neer301', '2018-09-13', 23.538673429181095, 1.60490955198962, '2018-10-04 15:32:46'),
('neer303', '2018-09-13', 1.7510490338207636, 2.13171186726006, '2018-10-04 15:32:46'),
('neer304', '2018-09-13', 0.6321091481115036, 1.6856243949640097, '2018-10-04 15:32:46'),
('neer304', '2018-09-13', 7.198327836090276, 2.0995122855263304, '2018-10-04 15:32:46'),
('neer301', '2018-09-13', 15.121279412988038, 12.758579504708656, '2018-10-04 15:32:46'),
('neer304', '2018-09-13', 6.221966988707079, 2.3332376207651544, '2018-10-04 15:32:46'),
('neer302', '2018-09-13', 11.582577995645266, 16.987781060279723, '2018-10-04 15:32:46'),
('neer302', '2018-09-14', 0.7718357204018185, 0.017541720918223147, '2018-10-04 15:32:46'),
('neer304', '2018-09-14', 50.4208277978698, 23.27115129132452, '2018-10-04 15:32:46'),
('neer304', '2018-09-14', 3.213018837796428, 7.803045748934183, '2018-10-04 15:32:46'),
('neer303', '2018-09-14', 36.008012387504856, 26.105808980941017, '2018-10-04 15:32:46'),
('neer302', '2018-09-14', 0.9264810257083103, 17.603139488457895, '2018-10-04 15:32:46'),
('neer304', '2018-09-14', 38.27264713172855, 16.682948749727828, '2018-10-04 15:32:46'),
('neer301', '2018-09-14', 0.4258783752517923, 1.419594584172641, '2018-10-04 15:32:46'),
('neer302', '2018-09-14', 3.1703705433092684, 3.381728579529886, '2018-10-04 15:32:46'),
('neer301', '2018-09-14', 6.890155520279162, 1.4505590569008762, '2018-10-04 15:32:46'),
('neer302', '2018-09-14', 10.789317329278497, 0.7192878219518998, '2018-10-04 15:32:46'),
('neer301', '2018-09-14', 15.190771152011727, 12.237010094676114, '2018-10-04 15:32:46'),
('neer304', '2018-09-14', 39.03281873698365, 7.2282997661080834, '2018-10-04 15:32:46'),
('neer302', '2018-09-15', 11.791010539887191, 6.002696274851662, '2018-10-04 15:32:46'),
('neer304', '2018-09-15', 13.940956270623726, 11.006018108387151, '2018-10-04 15:32:46'),
('neer301', '2018-09-15', 11.446493520122974, 1.373579222414757, '2018-10-04 15:32:46'),
('neer304', '2018-09-15', 28.07142390806367, 1.2759738140028942, '2018-10-04 15:32:46'),
('neer302', '2018-09-15', 18.4290988761003, 13.514672509140222, '2018-10-04 15:32:46'),
('neer303', '2018-09-15', 9.295501250017644, 0, '2018-10-04 15:32:46'),
('neer302', '2018-09-15', 7.039695769953119, 5.363577729488091, '2018-10-04 15:32:46'),
('neer302', '2018-09-15', 3.494966121161883, 0.9319909656431689, '2018-10-04 15:32:46'),
('neer301', '2018-09-16', 21.86349303803855, 7.287831012679516, '2018-10-04 15:32:46'),
('neer304', '2018-09-16', 5.926284378141478, 6.3495904051515835, '2018-10-04 15:32:46'),
('neer301', '2018-09-16', 20.924664294676635, 10.705642197276418, '2018-10-04 15:32:46'),
('neer301', '2018-09-16', 26.528932310782018, 0, '2018-10-04 15:32:46'),
('neer303', '2018-09-16', 24.63717376640684, 2.324261676076117, '2018-10-04 15:32:46'),
('neer304', '2018-09-16', 30.64386426016864, 15.053126303240735, '2018-10-04 15:32:46'),
('neer303', '2018-09-16', 42.27669273351524, 11.662535926486964, '2018-10-04 15:32:46'),
('neer302', '2018-09-17', 6.645839382713367, 4.79977288751521, '2018-10-04 15:32:46'),
('neer301', '2018-09-17', 13.955636052044795, 19.537890472862713, '2018-10-04 15:32:46'),
('neer302', '2018-09-17', 23.307059474853936, 10.968027988166558, '2018-10-04 15:32:46'),
('neer303', '2018-09-17', 44.80236712619733, 3.9824326334397626, '2018-10-04 15:32:46'),
('neer303', '2018-09-17', 0.6485280375186638, 18.80731308804125, '2018-10-04 15:32:46'),
('neer301', '2018-09-18', 11.149618091564063, 6.6897708549384385, '2018-10-04 15:32:46'),
('neer302', '2018-09-18', 0.2820745100853209, 0.8462235302559628, '2018-10-04 15:32:46'),
('neer302', '2018-09-18', 31.445018643650158, 7.187432832834322, '2018-10-04 15:32:46'),
('neer301', '2018-09-18', 24.3142988511568, 15.630620690029373, '2018-10-04 15:32:46'),
('neer302', '2018-09-18', 18.76149608240845, 2.0101602945437627, '2018-10-04 15:32:46'),
('neer303', '2018-09-18', 18.81671683535525, 0, '2018-10-04 15:32:46'),
('neer301', '2018-09-18', 19.377968426560113, 8.018469693749012, '2018-10-04 15:32:46'),
('neer301', '2018-09-19', 36.78708405586312, 0.8555135826944911, '2018-10-04 15:32:46'),
('neer304', '2018-09-19', 15.554660983332152, 19.011252312961517, '2018-10-04 15:32:46'),
('neer304', '2018-09-19', 1.3253135265319678, 0, '2018-10-04 15:32:46'),
('neer302', '2018-09-19', 5.273452543895358, 1.1718783430878572, '2018-10-04 15:32:46'),
('neer304', '2018-09-19', 0, 5.901015854032333, '2018-10-04 15:32:46'),
('neer303', '2018-09-20', 0, 14.18585811330432, '2018-10-04 15:32:46'),
('neer304', '2018-09-20', 12.119964684167641, 11.542823508731086, '2018-10-04 15:32:46'),
('neer304', '2018-09-20', 1.6948730184005867, 13.558984147204693, '2018-10-04 15:32:46'),
('neer304', '2018-09-20', 7.981366391010527, 6.271073592936842, '2018-10-04 15:32:46'),
('neer301', '2018-09-21', 14.70154101977774, 3.195987178212552, '2018-10-04 15:32:46'),
('neer303', '2018-09-21', 26.491630890573635, 17.976463818603538, '2018-10-04 15:32:46'),
('neer303', '2018-09-21', 3.5231548059981272, 11.274095379194007, '2018-10-04 15:32:46'),
('neer301', '2018-09-21', 7.291401241570035, 3.81930541225097, '2018-10-04 15:32:46'),
('neer302', '2018-09-21', 1.1531999151671934, 0.2594699809126185, '2018-10-04 15:32:46'),
('neer304', '2018-09-21', 19.108980996451226, 0.6824636070161152, '2018-10-04 15:32:46'),
('neer303', '2018-09-21', 33.124770690303656, 4.649090623200514, '2018-10-04 15:32:46'),
('neer302', '2018-09-21', 2.511656515488573, 3.946888810053472, '2018-10-04 15:32:46'),
('neer303', '2018-09-21', 15.118445229200661, 6.225242153200272, '2018-10-04 15:32:46'),
('neer304', '2018-09-22', 36.51319773576674, 4.681179196893171, '2018-10-04 15:32:46'),
('neer303', '2018-09-22', 1.0519361341065112, 0.5488362438816581, '2018-10-04 15:32:46'),
('neer303', '2018-09-22', 0.8145383281060681, 2.850884148371238, '2018-10-04 15:32:46'),
('neer301', '2018-09-22', 6.775817208046587, 9.787291522733959, '2018-10-04 15:32:46'),
('neer302', '2018-09-22', 22.595911422796704, 12.911949384455259, '2018-10-04 15:32:46'),
('neer301', '2018-09-22', 16.218350152776765, 8.109175076388382, '2018-10-04 15:32:46'),
('neer303', '2018-09-22', 41.894438393216554, 8.378887678643311, '2018-10-04 15:32:46'),
('neer301', '2018-09-22', 6.662299752292251, 1.0519420661514078, '2018-10-04 15:32:46'),
('neer303', '2018-09-22', 1.4906678966232207, 0.9937785977488138, '2018-10-04 15:32:46'),
('neer304', '2018-09-22', 5.308824435256529, 2.8238427847109198, '2018-10-04 15:32:46'),
('neer304', '2018-09-22', 34.19209356996033, 10.76417760535788, '2018-10-04 15:32:46'),
('neer304', '2018-09-22', 46.05744885998251, 14.449395720778826, '2018-10-04 15:32:46'),
('neer303', '2018-09-23', 0.82950674483477, 0.07059631870934213, '2018-10-04 15:32:46'),
('neer301', '2018-09-24', 5.977984265165768, 10.247973025998458, '2018-10-04 15:32:46'),
('neer301', '2018-09-24', 31.647877922780694, 5.274646320463448, '2018-10-04 15:32:46'),
('neer304', '2018-09-24', 4.04175952445066, 0.33681329370422164, '2018-10-04 15:32:46'),
('neer302', '2018-09-24', 2.471515346940997, 1.7653681049578551, '2018-10-04 15:32:46'),
('neer303', '2018-09-24', 14.40969843241086, 18.012123040513575, '2018-10-04 15:32:46'),
('neer303', '2018-09-24', 31.981449278782808, 5.049702517702548, '2018-10-04 15:32:46'),
('neer302', '2018-09-24', 2.23467436600028, 0, '2018-10-04 15:32:46'),
('neer301', '2018-09-24', 0.5940176233613405, 0.4201588067677774, '2018-10-04 15:32:46'),
('neer303', '2018-09-24', 33.86123457559331, 0, '2018-10-04 15:32:46'),
('neer303', '2018-09-24', 0, 9.182821512322603, '2018-10-04 15:32:46'),
('neer303', '2018-09-24', 1.415582153142032, 0.6661563073609562, '2018-10-04 15:32:46'),
('neer301', '2018-09-24', 15.852074053087504, 10.011836244055266, '2018-10-04 15:32:46'),
('neer303', '2018-09-26', 47.407695637036326, 22.792161363959774, '2018-10-04 15:32:46'),
('neer301', '2018-09-26', 0.3840321425497395, 0.1536128570198958, '2018-10-04 15:32:46'),
('neer301', '2018-09-26', 6.970764720745933, 6.196235307329719, '2018-10-04 15:32:46'),
('neer304', '2018-09-26', 0.27106721469615236, 0, '2018-10-04 15:32:46'),
('neer301', '2018-09-26', 18.66823938703759, 8.00067402301611, '2018-10-04 15:32:46'),
('neer301', '2018-09-26', 10.465168797030667, 1.9622191494432502, '2018-10-04 15:32:46'),
('neer304', '2018-09-26', 1.9780804097206057, 14.34108297047439, '2018-10-04 15:32:46'),
('neer301', '2018-09-26', 8.316923851524892, 2.5990387036015288, '2018-10-04 15:32:46'),
('neer304', '2018-09-26', 13.287048631488368, 16.08432202759118, '2018-10-04 15:32:46'),
('neer301', '2018-09-26', 22.57906119896607, 8.011924941568605, '2018-10-04 15:32:46'),
('neer301', '2018-09-27', 9.010234963519038, 3.5257441161596237, '2018-10-04 15:32:46'),
('neer302', '2018-09-27', 0.000515424975897516, 0.0004033760680937082, '2018-10-04 15:32:46'),
('neer302', '2018-09-27', 7.6738128040454585, 1.354202259537434, '2018-10-04 15:32:46'),
('neer304', '2018-09-27', 44.86751060664508, 8.509355459880963, '2018-10-04 15:32:46'),
('neer301', '2018-09-27', 42.391005995564434, 16.623923919829192, '2018-10-04 15:32:46'),
('neer304', '2018-09-27', 1.4674174462512397, 8.804504677507438, '2018-10-04 15:32:46'),
('neer301', '2018-09-27', 50.1439005604751, 25.07195028023755, '2018-10-04 15:32:46'),
('neer304', '2018-09-27', 0, 11.743469265856358, '2018-10-04 15:32:46'),
('neer304', '2018-09-27', 11.037893178586891, 12.417629825910254, '2018-10-04 15:32:46'),
('neer303', '2018-09-27', 1.0377567521193978, 5.534702677970122, '2018-10-04 15:32:46'),
('neer304', '2018-09-28', 2.204254419166021, 2.5716301556936916, '2018-10-04 15:32:46'),
('neer302', '2018-09-28', 18.549544932192887, 0, '2018-10-04 15:32:46'),
('neer303', '2018-09-28', 8.879583440515923, 3.067492461269137, '2018-10-04 15:32:46'),
('neer303', '2018-09-28', 21.35455289158452, 24.266537376800592, '2018-10-04 15:32:46'),
('neer303', '2018-09-28', 18.090450045146483, 2.856386849233655, '2018-10-04 15:32:46'),
('neer304', '2018-09-28', 14.992348446161836, 0.27258815356657884, '2018-10-04 15:32:46'),
('neer302', '2018-09-28', 10.233517961792664, 15.74387378737333, '2018-10-04 15:32:46'),
('neer304', '2018-09-28', 9.954281244178002, 4.977140622089001, '2018-10-04 15:32:46'),
('neer302', '2018-09-29', 12.58102487698785, 5.297273632415937, '2018-10-04 15:32:46'),
('neer304', '2018-09-29', 0.301996640983353, 0, '2018-10-04 15:32:46'),
('neer302', '2018-09-29', 2.6932378037507263, 0.6500918836639684, '2018-10-04 15:32:46'),
('neer302', '2018-09-29', 23.09297690566841, 23.09297690566841, '2018-10-04 15:32:46'),
('neer304', '2018-09-29', 2.110614772733916, 0, '2018-10-04 15:32:46'),
('neer301', '2018-09-29', 0.504960716838736, 0.4039685734709888, '2018-10-04 15:32:46'),
('neer303', '2018-09-29', 14.804661364932597, 13.159698991051197, '2018-10-04 15:32:46'),
('neer301', '2018-10-01', 1.8758153153246502, 0.4863224891582426, '2018-10-04 15:32:46'),
('neer301', '2018-10-01', 0, 6.919472873022193, '2018-10-04 15:32:46'),
('neer304', '2018-10-02', 33.33413486253146, 1.8518963812517475, '2018-10-04 15:32:46'),
('neer301', '2018-10-02', 10.267579973783453, 3.981306520446645, '2018-10-04 15:32:46'),
('neer304', '2018-10-03', 0.18438126906428842, 4.425150457542922, '2018-10-04 15:32:46'),
('neer301', '2018-10-03', 29.835968153021874, 5.801438251976476, '2018-10-04 15:32:46'),
('neer303', '2018-10-03', 1.7676675877100612, 2.7104236344887607, '2018-10-04 15:32:46'),
('neer303', '2018-10-03', 9.698644038575818, 9.698644038575818, '2018-10-04 15:32:46'),
('neer301', '2018-10-03', 1.5184717746956788, 6.8331229861305545, '2018-10-04 15:32:46'),
('neer301', '2018-10-03', 7.2787096055416765, 5.199078289672626, '2018-10-04 15:32:46'),
('neer302', '2018-10-03', 3.911813936844933, 1.5307098013741043, '2018-10-04 15:32:46'),
('neer304', '2018-10-03', 46.946364921750984, 11.33188118800886, '2018-10-04 15:32:46'),
('neer302', '2018-10-04', 28.174077549851194, 13.382686836179317, '2018-10-04 15:32:46'),
('neer301', '2018-10-04', 7.0102963155252525, 2.523706673589091, '2018-10-04 15:32:46'),
('neer302', '2018-10-04', 1.7499472409391716, 5.833157469797239, '2018-10-04 15:32:46'),
('neer302', '2018-10-04', 9.372893005484308, 3.514834877056616, '2018-10-04 15:32:46'),
('neer404', '2018-09-01', 35.813879546616576, 2.192686502854076, '2018-10-04 15:33:09'),
('neer403', '2018-09-01', 10.939490232979072, 10.939490232979072, '2018-10-04 15:33:09'),
('neer404', '2018-09-01', 0.7417303461055766, 0.6181086217546472, '2018-10-04 15:33:09'),
('neer403', '2018-09-01', 25.61327380383832, 9.914815666001932, '2018-10-04 15:33:09'),
('neer402', '2018-09-01', 13.722496916068234, 6.151464134789209, '2018-10-04 15:33:09'),
('neer401', '2018-09-01', 35.37334832845505, 6.878151063866261, '2018-10-04 15:33:09'),
('neer401', '2018-09-01', 2.000563290101575, 0.6668544300338582, '2018-10-04 15:33:09'),
('neer404', '2018-09-01', 27.58498222712781, 4.19771468673684, '2018-10-04 15:33:09'),
('neer402', '2018-09-01', 14.824844173102303, 21.74310478721671, '2018-10-04 15:33:09'),
('neer403', '2018-09-01', 1.648113534731212, 1.0031995428798681, '2018-10-04 15:33:09'),
('neer404', '2018-09-01', 1.3780381320391477, 1.5749007223304545, '2018-10-04 15:33:09'),
('neer401', '2018-09-01', 9.780536866538899, 4.807382527620815, '2018-10-04 15:33:09'),
('neer404', '2018-09-01', 24.71845500349156, 1.4124831430566605, '2018-10-04 15:33:09'),
('neer403', '2018-09-01', 37.51614441792331, 11.445603381739312, '2018-10-04 15:33:09'),
('neer402', '2018-09-03', 37.52721116362208, 15.577332935843128, '2018-10-04 15:33:09'),
('neer403', '2018-09-03', 23.215133545372552, 0, '2018-10-04 15:33:09'),
('neer404', '2018-09-03', 24.70683752557086, 5.989536369835361, '2018-10-04 15:33:09'),
('neer401', '2018-09-03', 13.692023230022192, 0.26847104372592534, '2018-10-04 15:33:09'),
('neer401', '2018-09-03', 6.706742602116918, 4.339656977840359, '2018-10-04 15:33:09'),
('neer403', '2018-09-03', 11.334819103139159, 6.406636884383003, '2018-10-04 15:33:09'),
('neer404', '2018-09-03', 9.59470736897675, 6.105722871167022, '2018-10-04 15:33:09'),
('neer403', '2018-09-03', 0.0038703089051977946, 0.021931750462787503, '2018-10-04 15:33:09'),
('neer404', '2018-09-03', 11.102673348131399, 7.853110416970989, '2018-10-04 15:33:09'),
('neer402', '2018-09-03', 16.772143152326397, 20.583993868764214, '2018-10-04 15:33:09'),
('neer401', '2018-09-03', 1.7974805563333218, 6.740552086249957, '2018-10-04 15:33:09'),
('neer402', '2018-09-03', 26.572167917729978, 15.500431285342486, '2018-10-04 15:33:09'),
('neer403', '2018-09-03', 3.0307175667354533, 6.81911452515477, '2018-10-04 15:33:09'),
('neer401', '2018-09-03', 15.998304523572761, 0.6955784575466418, '2018-10-04 15:33:09'),
('neer402', '2018-09-03', 4.984647580075196, 1.246161895018799, '2018-10-04 15:33:09'),
('neer401', '2018-09-05', 16.659859683629527, 1.5618618453402682, '2018-10-04 15:33:09'),
('neer404', '2018-09-05', 29.15808957354046, 2.4710245401305473, '2018-10-04 15:33:09'),
('neer403', '2018-09-05', 3.8766609753429817, 2.2398485635315004, '2018-10-04 15:33:09'),
('neer401', '2018-09-05', 37.1953855545686, 0, '2018-10-04 15:33:09'),
('neer404', '2018-09-05', 51.70133493158283, 23.935803209066126, '2018-10-04 15:33:09'),
('neer401', '2018-09-05', 25.36314585357306, 7.890756487778285, '2018-10-04 15:33:09'),
('neer404', '2018-09-06', 7.732992754838205, 7.732992754838205, '2018-10-04 15:33:09'),
('neer402', '2018-09-06', 2.178920387598396, 0.363153397933066, '2018-10-04 15:33:09'),
('neer404', '2018-09-06', 12.93185884361926, 4.9526267911733335, '2018-10-04 15:33:09'),
('neer403', '2018-09-06', 6.333739097432632, 8.061122487641532, '2018-10-04 15:33:09'),
('neer401', '2018-09-06', 1.6043511901271494, 7.700885712610318, '2018-10-04 15:33:09'),
('neer404', '2018-09-06', 11.477878093116667, 2.550639576248148, '2018-10-04 15:33:09'),
('neer404', '2018-09-06', 19.93437336896202, 2.5721772088983252, '2018-10-04 15:33:09'),
('neer402', '2018-09-06', 37.603874413167475, 3.498034829131858, '2018-10-04 15:33:09'),
('neer404', '2018-09-06', 3.8769461968182912, 7.495429313848696, '2018-10-04 15:33:09'),
('neer403', '2018-09-06', 1.1057846213064768, 5.528923106532384, '2018-10-04 15:33:09'),
('neer403', '2018-09-06', 34.7066836674647, 2.740001342168266, '2018-10-04 15:33:09'),
('neer404', '2018-09-06', 10.9413759487543, 5.093399148558037, '2018-10-04 15:33:09'),
('neer404', '2018-09-06', 31.6314633755067, 2.2197518158250316, '2018-10-04 15:33:09'),
('neer403', '2018-09-06', 7.94655924198548, 3.0903285941054643, '2018-10-04 15:33:09'),
('neer403', '2018-09-07', 7.893134325778136, 25.433432827507325, '2018-10-04 15:33:09'),
('neer402', '2018-09-07', 18.96347502286191, 11.563094526135313, '2018-10-04 15:33:09'),
('neer403', '2018-09-07', 0.9812673806913963, 7.85013904553117, '2018-10-04 15:33:09'),
('neer403', '2018-09-07', 0.5761357868892385, 2.8806789344461925, '2018-10-04 15:33:09'),
('neer403', '2018-09-07', 12.858291383136654, 12.24599179346348, '2018-10-04 15:33:09'),
('neer403', '2018-09-07', 5.154272660690916, 2.9452986632519518, '2018-10-04 15:33:09'),
('neer402', '2018-09-07', 3.0573266421715006, 7.4249361309879305, '2018-10-04 15:33:09'),
('neer403', '2018-09-07', 1.155000137183996, 3.850000457279986, '2018-10-04 15:33:09'),
('neer403', '2018-09-08', 28.37105095411718, 10.245101733431204, '2018-10-04 15:33:09'),
('neer404', '2018-09-09', 18.811369815673324, 2.09015220174148, '2018-10-04 15:33:09'),
('neer404', '2018-09-09', 10.923966429589441, 6.403704458724845, '2018-10-04 15:33:09'),
('neer401', '2018-09-10', 6.370541115239397, 5.662703213546131, '2018-10-04 15:33:09'),
('neer401', '2018-09-10', 14.954948308930037, 7.975972431429353, '2018-10-04 15:33:09'),
('neer403', '2018-09-10', 3.6200055904199173, 0.8403584406331951, '2018-10-04 15:33:09'),
('neer402', '2018-09-10', 7.89164998609249, 5.106361755706905, '2018-10-04 15:33:09'),
('neer404', '2018-09-10', 19.91849764777799, 12.124302916038777, '2018-10-04 15:33:09'),
('neer402', '2018-09-10', 19.521748657426254, 6.75752838141678, '2018-10-04 15:33:09'),
('neer403', '2018-09-10', 19.59005947627358, 5.59715985036388, '2018-10-04 15:33:09'),
('neer401', '2018-09-10', 0.16934191691319633, 0.21914836306413643, '2018-10-04 15:33:09'),
('neer402', '2018-09-10', 6.341028596486935, 8.454704795315912, '2018-10-04 15:33:09'),
('neer401', '2018-09-10', 0.7219237222936428, 0.32412901817265594, '2018-10-04 15:33:09'),
('neer403', '2018-09-10', 16.178681073647283, 8.089340536823642, '2018-10-04 15:33:09'),
('neer401', '2018-09-10', 0.32291679455217703, 2.9062511509695934, '2018-10-04 15:33:09'),
('neer402', '2018-09-10', 2.881618378374366, 2.22670511056201, '2018-10-04 15:33:09'),
('neer404', '2018-09-12', 1.6329802079773694, 11.430861455841587, '2018-10-04 15:33:09'),
('neer401', '2018-09-12', 35.866643276655935, 0, '2018-10-04 15:33:09'),
('neer404', '2018-09-12', 7.7643234539826285, 8.540755799380891, '2018-10-04 15:33:09'),
('neer402', '2018-09-12', 10.61270023788095, 0, '2018-10-04 15:33:09'),
('neer404', '2018-09-12', 36.32392030589105, 16.582659270080697, '2018-10-04 15:33:09'),
('neer403', '2018-09-12', 4.677682326863386, 10.13497837487067, '2018-10-04 15:33:09'),
('neer401', '2018-09-12', 50.833996811088724, 19.06274880415827, '2018-10-04 15:33:09'),
('neer401', '2018-09-12', 37.197902141759634, 12.399300713919878, '2018-10-04 15:33:09'),
('neer402', '2018-09-12', 22.918499289720664, 14.260399558048412, '2018-10-04 15:33:09'),
('neer401', '2018-09-12', 16.70924641271496, 1.670924641271496, '2018-10-04 15:33:09'),
('neer401', '2018-09-12', 9.463336834391477, 10.815242096447403, '2018-10-04 15:33:09'),
('neer404', '2018-09-12', 31.663726692172496, 11.584290253233839, '2018-10-04 15:33:09'),
('neer404', '2018-09-12', 25.204439575467728, 2.210915752234011, '2018-10-04 15:33:09'),
('neer403', '2018-09-12', 57.38844045509685, 17.81020565847833, '2018-10-04 15:33:09'),
('neer403', '2018-09-13', 41.94321299380211, 7.626038726145839, '2018-10-04 15:33:09'),
('neer403', '2018-09-13', 26.470993883364443, 14.117863404461037, '2018-10-04 15:33:09'),
('neer404', '2018-09-13', 33.40360108935265, 3.79586376015371, '2018-10-04 15:33:09'),
('neer402', '2018-09-13', 0.33687716490407804, 0.08601119103933907, '2018-10-04 15:33:09'),
('neer401', '2018-09-13', 21.3482442715962, 7.258403052342708, '2018-10-04 15:33:09'),
('neer401', '2018-09-13', 19.09965911554839, 4.982519769273494, '2018-10-04 15:33:09'),
('neer401', '2018-09-13', 8.523744548548587, 10.228493458258303, '2018-10-04 15:33:09'),
('neer402', '2018-09-13', 17.445739101587165, 7.165214273866157, '2018-10-04 15:33:09'),
('neer402', '2018-09-14', 1.9257564953483153, 9.243631177671913, '2018-10-04 15:33:09'),
('neer401', '2018-09-14', 1.0752894906272972, 1.6726725409757954, '2018-10-04 15:33:09'),
('neer403', '2018-09-14', 3.6882756108183585, 21.391998542746478, '2018-10-04 15:33:09'),
('neer402', '2018-09-14', 38.10783476984835, 6.627449525191018, '2018-10-04 15:33:09'),
('neer401', '2018-09-14', 15.659967873387467, 0.8699982151881926, '2018-10-04 15:33:09'),
('neer402', '2018-09-14', 10.34853462107137, 6.76634955993128, '2018-10-04 15:33:09'),
('neer401', '2018-09-14', 7.344432880314979, 7.752456929221368, '2018-10-04 15:33:09'),
('neer404', '2018-09-14', 1.30974556834415, 1.1850078951685168, '2018-10-04 15:33:09'),
('neer401', '2018-09-14', 24.407844344644918, 20.47109525679896, '2018-10-04 15:33:09'),
('neer401', '2018-09-14', 15.922863374685976, 5.686736919530706, '2018-10-04 15:33:09'),
('neer401', '2018-09-14', 13.719890214954045, 2.4499803955275077, '2018-10-04 15:33:09'),
('neer403', '2018-09-15', 2.670564508202917, 19.361592684471148, '2018-10-04 15:33:09'),
('neer404', '2018-09-15', 13.84751358282529, 6.020658079489256, '2018-10-04 15:33:09'),
('neer402', '2018-09-15', 11.19478653094864, 3.7315955103162133, '2018-10-04 15:33:09'),
('neer401', '2018-09-15', 2.4444279148673753, 0.43999702467612756, '2018-10-04 15:33:09'),
('neer401', '2018-09-17', 30.403529626358463, 4.6065953979331, '2018-10-04 15:33:09'),
('neer404', '2018-09-17', 14.269774099832718, 5.813611670302218, '2018-10-04 15:33:09'),
('neer403', '2018-09-17', 24.35664086303586, 0, '2018-10-04 15:33:09'),
('neer404', '2018-09-17', 5.614510914478583, 4.812437926695928, '2018-10-04 15:33:09'),
('neer404', '2018-09-17', 9.376287061464765, 3.711446961829803, '2018-10-04 15:33:09'),
('neer402', '2018-09-17', 0.17026819655330971, 0.17026819655330971, '2018-10-04 15:33:09'),
('neer401', '2018-09-17', 11.434156595602957, 0.5717078297801479, '2018-10-04 15:33:09'),
('neer402', '2018-09-17', 3.7962399594913445, 2.530826639660896, '2018-10-04 15:33:09'),
('neer402', '2018-09-17', 2.054280122411491, 2.3110651377129274, '2018-10-04 15:33:09'),
('neer404', '2018-09-18', 0.426741202925061, 0.32005590219379576, '2018-10-04 15:33:09'),
('neer404', '2018-09-18', 1.1430178941404563, 1.2144565125242348, '2018-10-04 15:33:09'),
('neer403', '2018-09-18', 24.43292165858818, 5.11386732389055, '2018-10-04 15:33:09'),
('neer403', '2018-09-18', 3.56467265786037, 11.585186138046202, '2018-10-04 15:33:09'),
('neer402', '2018-09-18', 13.79430865638299, 21.90860786602004, '2018-10-04 15:33:09'),
('neer401', '2018-09-18', 0.7338960420171983, 6.9720123991633836, '2018-10-04 15:33:09'),
('neer402', '2018-09-19', 26.30629210220399, 6.217850860520943, '2018-10-04 15:33:09'),
('neer404', '2018-09-19', 43.35142694084517, 23.80078341850323, '2018-10-04 15:33:09'),
('neer402', '2018-09-19', 7.00352830306804, 0.9772365074048428, '2018-10-04 15:33:09'),
('neer401', '2018-09-19', 16.12466743778353, 17.59054629576385, '2018-10-04 15:33:09'),
('neer402', '2018-09-19', 1.4687057426190395, 3.1472265913265134, '2018-10-04 15:33:09'),
('neer403', '2018-09-19', 15.962102184549082, 7.511577498611333, '2018-10-04 15:33:09'),
('neer403', '2018-09-19', 16.446963368776682, 12.001838133972175, '2018-10-04 15:33:09'),
('neer402', '2018-09-19', 7.170099674992734, 10.038139544989829, '2018-10-04 15:33:09'),
('neer404', '2018-09-19', 7.3500830073888554, 3.026504767748352, '2018-10-04 15:33:09'),
('neer403', '2018-09-19', 5.75551671615207, 14.388791790380177, '2018-10-04 15:33:09'),
('neer401', '2018-09-19', 14.915916155687835, 2.594072374902232, '2018-10-04 15:33:09'),
('neer401', '2018-09-19', 9.006027303947562, 18.830784362799445, '2018-10-04 15:33:09'),
('neer404', '2018-09-19', 7.403532172519796, 9.871376230026394, '2018-10-04 15:33:09'),
('neer404', '2018-09-20', 6.064116375139282, 9.923099522955189, '2018-10-04 15:33:09'),
('neer404', '2018-09-20', 36.34407779127085, 17.143432920410778, '2018-10-04 15:33:09'),
('neer404', '2018-09-20', 26.251394896870142, 16.334201269163643, '2018-10-04 15:33:09'),
('neer402', '2018-09-20', 28.200743163196577, 6.190407035823639, '2018-10-04 15:33:09'),
('neer403', '2018-09-20', 5.585036284423859, 2.6761632196197658, '2018-10-04 15:33:09'),
('neer402', '2018-09-20', 26.99943394482716, 8.307518136869895, '2018-10-04 15:33:09'),
('neer401', '2018-09-20', 12.607108915569311, 5.308256385502868, '2018-10-04 15:33:09'),
('neer402', '2018-09-20', 14.85348194851878, 0, '2018-10-04 15:33:09'),
('neer402', '2018-09-20', 0.33244249764286415, 0.31397346999603837, '2018-10-04 15:33:09'),
('neer401', '2018-09-20', 2.86049841403156, 3.3372481497034867, '2018-10-04 15:33:09'),
('neer404', '2018-09-20', 0.2622329594310765, 2.097863675448612, '2018-10-04 15:33:09'),
('neer403', '2018-09-20', 12.601125389922899, 13.085784058766087, '2018-10-04 15:33:09'),
('neer404', '2018-09-20', 38.718163375082, 9.258691241867435, '2018-10-04 15:33:09'),
('neer403', '2018-09-21', 0.2968512858351964, 7.124430860044713, '2018-10-04 15:33:09'),
('neer401', '2018-09-21', 10.281549467961481, 22.27669051391654, '2018-10-04 15:33:09'),
('neer404', '2018-09-21', 4.611921307484345, 2.56217850415797, '2018-10-04 15:33:09'),
('neer401', '2018-09-21', 1.9715904289015456, 0.603548090480065, '2018-10-04 15:33:09'),
('neer401', '2018-09-22', 29.521314120286046, 0, '2018-10-04 15:33:09'),
('neer403', '2018-09-22', 17.589618370064322, 24.62546571809005, '2018-10-04 15:33:09'),
('neer402', '2018-09-22', 10.42736738748353, 6.082630976032059, '2018-10-04 15:33:09'),
('neer404', '2018-09-22', 0.2875036104779567, 0.07187590261948917, '2018-10-04 15:33:09'),
('neer402', '2018-09-22', 6.510847366901396, 2.689263042850577, '2018-10-04 15:33:09'),
('neer404', '2018-09-22', 14.293766878578165, 6.900439182761873, '2018-10-04 15:33:09'),
('neer404', '2018-09-22', 37.75633769552359, 3.974351336370904, '2018-10-04 15:33:09'),
('neer402', '2018-09-22', 38.31230057340527, 0.934446355448909, '2018-10-04 15:33:09'),
('neer404', '2018-09-22', 13.884580590483178, 0.5667175751217624, '2018-10-04 15:33:09'),
('neer401', '2018-09-22', 9.82437577567904, 3.7786060675688615, '2018-10-04 15:33:09'),
('neer403', '2018-09-23', 16.07771969564965, 8.62706910498274, '2018-10-04 15:33:09'),
('neer403', '2018-09-23', 16.704268190289596, 0, '2018-10-04 15:33:09'),
('neer403', '2018-09-23', 9.430543316123961, 0.4286610598238164, '2018-10-04 15:33:09'),
('neer404', '2018-09-23', 31.80169249604896, 16.468733614025354, '2018-10-04 15:33:09'),
('neer402', '2018-09-23', 8.84145442957138, 2.947151476523793, '2018-10-04 15:33:09'),
('neer401', '2018-09-24', 27.730793172868463, 10.703113154440459, '2018-10-04 15:33:09'),
('neer401', '2018-09-24', 1.553486470331208, 5.281853999126107, '2018-10-04 15:33:09'),
('neer401', '2018-09-24', 0.5602977015830424, 0.3410507748766345, '2018-10-04 15:33:09'),
('neer402', '2018-09-24', 13.804567325343411, 25.637053604209193, '2018-10-04 15:33:09'),
('neer402', '2018-09-24', 11.473142325431025, 14.34142790678878, '2018-10-04 15:33:09'),
('neer402', '2018-09-24', 6.5900970854485355, 0.2584351798215112, '2018-10-04 15:33:09'),
('neer403', '2018-09-24', 26.806681691463673, 12.422608588727067, '2018-10-04 15:33:09'),
('neer401', '2018-09-24', 23.18776041623603, 13.00776803837631, '2018-10-04 15:33:09'),
('neer404', '2018-09-24', 20.960812447743297, 2.6758483975842506, '2018-10-04 15:33:09'),
('neer403', '2018-09-24', 5.010353606813931, 12.298140671270557, '2018-10-04 15:33:09'),
('neer403', '2018-09-24', 24.030265588713828, 25.87874755707643, '2018-10-04 15:33:09'),
('neer402', '2018-09-24', 3.89701129556234, 2.800976868685432, '2018-10-04 15:33:09'),
('neer402', '2018-09-25', 1.4437644738841777, 0.36705876454682484, '2018-10-04 15:33:09'),
('neer402', '2018-09-25', 0, 7.284593008881066, '2018-10-04 15:33:09'),
('neer402', '2018-09-25', 31.405558118161228, 24.53559227981346, '2018-10-04 15:33:09'),
('neer402', '2018-09-25', 2.9313031479692486, 21.25194782277705, '2018-10-04 15:33:09'),
('neer404', '2018-09-25', 20.71265426300432, 6.213796278901296, '2018-10-04 15:33:09'),
('neer402', '2018-09-25', 18.47285173951617, 14.209885953473977, '2018-10-04 15:33:09'),
('neer403', '2018-09-25', 1.9072750504208975, 5.245006388657468, '2018-10-04 15:33:09'),
('neer401', '2018-09-25', 1.666140699625802, 1.666140699625802, '2018-10-04 15:33:09'),
('neer403', '2018-09-25', 30.89879911553855, 3.152938685259036, '2018-10-04 15:33:09'),
('neer403', '2018-09-25', 41.825288356746476, 21.39898474066099, '2018-10-04 15:33:09'),
('neer401', '2018-09-25', 1.6169343265889788, 17.78627759247877, '2018-10-04 15:33:09'),
('neer403', '2018-09-26', 18.24478635285506, 3.648957270571012, '2018-10-04 15:33:09'),
('neer402', '2018-09-26', 38.37587214211875, 12.472158446188594, '2018-10-04 15:33:09'),
('neer401', '2018-09-26', 5.7864796117210116, 6.091031170232643, '2018-10-04 15:33:09'),
('neer402', '2018-09-26', 10.488506530546173, 3.3563220897747756, '2018-10-04 15:33:09'),
('neer404', '2018-09-26', 2.1350485031749247, 0.33966680732328347, '2018-10-04 15:33:09'),
('neer404', '2018-09-26', 12.981005633688895, 13.480275081138469, '2018-10-04 15:33:09'),
('neer401', '2018-09-28', 5.047746065920839, 18.50840224170974, '2018-10-04 15:33:09'),
('neer404', '2018-09-28', 13.244932807653859, 0, '2018-10-04 15:33:09'),
('neer401', '2018-09-28', 10.907929699468925, 3.428206476975948, '2018-10-04 15:33:09'),
('neer402', '2018-09-28', 4.150194672930672, 2.289762578168647, '2018-10-04 15:33:09'),
('neer404', '2018-09-28', 15.346970090067364, 2.232286558555253, '2018-10-04 15:33:09'),
('neer404', '2018-09-28', 15.271754364010675, 3.4708532645478805, '2018-10-04 15:33:09'),
('neer402', '2018-09-28', 21.179909406328065, 14.119939604218711, '2018-10-04 15:33:09'),
('neer402', '2018-09-28', 11.031074413811885, 6.95437300001184, '2018-10-04 15:33:09'),
('neer401', '2018-09-28', 40.57134057631602, 18.371927808143106, '2018-10-04 15:33:09'),
('neer404', '2018-09-28', 32.77216290276669, 14.74747330624501, '2018-10-04 15:33:09'),
('neer403', '2018-09-28', 35.27287442998924, 11.337709638210827, '2018-10-04 15:33:09'),
('neer404', '2018-09-29', 29.18123134534113, 15.416499578670784, '2018-10-04 15:33:09'),
('neer402', '2018-09-29', 0.28129828921946143, 0.06541820679522359, '2018-10-04 15:33:09'),
('neer403', '2018-09-29', 1.5598938242677465, 7.799469121338732, '2018-10-04 15:33:09'),
('neer401', '2018-09-29', 3.6630071665974797, 0.8818350586253192, '2018-10-04 15:33:09'),
('neer404', '2018-09-29', 8.447182055855684, 3.478251434764105, '2018-10-04 15:33:09'),
('neer402', '2018-09-29', 16.136531310668392, 12.71363072961752, '2018-10-04 15:33:09'),
('neer403', '2018-09-30', 10.36166831485131, 3.272105783637256, '2018-10-04 15:33:09'),
('neer401', '2018-09-30', 33.644122911573064, 8.411030727893266, '2018-10-04 15:33:09'),
('neer401', '2018-09-30', 14.528912759818752, 2.356039906997635, '2018-10-04 15:33:09'),
('neer401', '2018-09-30', 13.010124759434671, 7.025467370094723, '2018-10-04 15:33:09'),
('neer402', '2018-09-30', 2.833316227020248, 0.3935161426417011, '2018-10-04 15:33:09'),
('neer402', '2018-09-30', 21.113146677116323, 3.3781034683386117, '2018-10-04 15:33:09'),
('neer402', '2018-09-30', 40.52648413969158, 17.73033681111507, '2018-10-04 15:33:09'),
('neer403', '2018-09-30', 35.481186695145524, 16.18440094866287, '2018-10-04 15:33:09'),
('neer402', '2018-09-30', 11.78912731800311, 1.9648545530005186, '2018-10-04 15:33:09'),
('neer402', '2018-09-30', 19.23220899003645, 2.5085489987004066, '2018-10-04 15:33:09'),
('neer402', '2018-10-01', 4.050802251060187, 6.4336271046250015, '2018-10-04 15:33:09'),
('neer402', '2018-10-01', 25.715073764892466, 13.585321988999793, '2018-10-04 15:33:09'),
('neer403', '2018-10-01', 6.225647223161328, 1.717419923630711, '2018-10-04 15:33:09'),
('neer403', '2018-10-02', 0.45471799467917995, 0.13894160948530498, '2018-10-04 15:33:09'),
('neer403', '2018-10-02', 0, 17.635969642364998, '2018-10-04 15:33:09'),
('neer401', '2018-10-02', 11.4156375772682, 10.192533551132321, '2018-10-04 15:33:09'),
('neer403', '2018-10-02', 4.654706495599918, 10.240354290319818, '2018-10-04 15:33:09'),
('neer404', '2018-10-02', 8.031176510269047, 12.314470649079206, '2018-10-04 15:33:09'),
('neer403', '2018-10-02', 2.5463043087435944, 7.129652064482064, '2018-10-04 15:33:09'),
('neer404', '2018-10-02', 2.884167085650831, 0, '2018-10-04 15:33:09'),
('neer401', '2018-10-02', 2.837789563598763, 7.378252865356784, '2018-10-04 15:33:09'),
('neer402', '2018-10-02', 5.679332674435744, 19.877664360525106, '2018-10-04 15:33:09'),
('neer402', '2018-10-03', 4.957221369183896, 0, '2018-10-04 15:33:09'),
('neer402', '2018-10-03', 43.579489182865295, 19.016504370704855, '2018-10-04 15:33:09'),
('neer402', '2018-10-03', 14.166228996267368, 10.38856793059607, '2018-10-04 15:33:09'),
('neer403', '2018-10-03', 10.103528346812247, 0.5317646498322235, '2018-10-04 15:33:09'),
('neer404', '2018-10-03', 12.626902530437105, 6.313451265218553, '2018-10-04 15:33:09'),
('neer402', '2018-10-03', 0.0736165595272551, 0.08281862946816199, '2018-10-04 15:33:09'),
('neer401', '2018-10-04', 27.65107720957533, 22.910892545076702, '2018-10-04 15:33:09'),
('neer404', '2018-10-04', 9.030887321633214, 4.73046478752216, '2018-10-04 15:33:09'),
('neer401', '2018-10-04', 5.449193316982862, 3.298195955015943, '2018-10-04 15:33:09'),
('neer403', '2018-10-04', 12.946490156607906, 5.011544576751447, '2018-10-04 15:33:09'),
('neer402', '2018-10-04', 23.271672101526388, 23.271672101526388, '2018-10-04 15:33:09'),
('neer404', '2018-10-04', 2.031611890050754, 3.386019816751257, '2018-10-04 15:33:09'),
('neer401', '2018-10-04', 2.4849527523193986, 3.589376197794687, '2018-10-04 15:33:09'),
('neer401', '2018-10-04', 35.15280571227674, 5.454745713973977, '2018-10-04 15:33:09'),
('neer403', '2018-10-04', 28.09780496579635, 17.745982083660852, '2018-10-04 15:33:09'),
('neer402', '2018-10-04', 29.430359864915523, 14.715179932457762, '2018-10-04 15:33:09'),
('neer404', '2018-10-04', 3.3279770073432267, 1.8152601858235782, '2018-10-04 15:33:09'),
('neer402', '2018-10-04', 30.333540499191248, 10.313403769725024, '2018-10-04 15:33:09');

-- --------------------------------------------------------

--
-- Table structure for table `user_table`
--

CREATE TABLE `user_table` (
  `user_id` varchar(8) NOT NULL,
  `user_name` varchar(16) NOT NULL,
  `join_date` timestamp NOT NULL DEFAULT CURRENT_TIMESTAMP
) ENGINE=InnoDB DEFAULT CHARSET=latin1;

--
-- Dumping data for table `user_table`
--

INSERT INTO `user_table` (`user_id`, `user_name`, `join_date`) VALUES
('eren18', 'Eren', '2018-10-04 15:41:48'),
('farz18', 'Farzan', '2018-10-04 15:42:03'),
('muthu123', 'Muthuraman', '2018-10-04 15:41:34'),
('tms18', 'think_make_start', '2018-10-04 15:41:09');

--
-- Indexes for dumped tables
--

--
-- Indexes for table `devices`
--
ALTER TABLE `devices`
  ADD UNIQUE KEY `device_id` (`device_id`);

--
-- Indexes for table `user_table`
--
ALTER TABLE `user_table`
  ADD UNIQUE KEY `user_id` (`user_id`);
COMMIT;

/*!40101 SET CHARACTER_SET_CLIENT=@OLD_CHARACTER_SET_CLIENT */;
/*!40101 SET CHARACTER_SET_RESULTS=@OLD_CHARACTER_SET_RESULTS */;
/*!40101 SET COLLATION_CONNECTION=@OLD_COLLATION_CONNECTION */;
